ID,Age,Sex,ECOG,SMOKE1,SMOKE2,T,N,AJCC,HPV,Modality,Chemo ,Death,RT2Follow,LF,RT2LF,RF,RT2RF,DF,RT2DF,KVP,ExposureTime,XRayTubeCurrent,SliceThickness
RADCURE-0475,,,,,,,,,,,,,,,,,,,,,,,
RADCURE-1832,,,,,,,,,,,,,,,,,,,,,,,
RADCURE-1966,,,,,,,,,,,,,,,,,,,,,,,
RADCURE-0363,,,,,,,,,,,,,,,,,,,,,,,
RADCURE-0366,,,,,,,,,,,,,,,,,,,,,,,
RADCURE-0504,,,,,,,,,,,,,,,,,,,,,,,
RADCURE-0746,,,,,,,,,,,,,,,,,,,,,,,
RADCURE-1487,,,,,,,,,,,,,,,,,,,,,,,
RADCURE-1874,,,,,,,,,,,,,,,,,,,,,,,
RADCURE-1928,,,,,,,,,,,,,,,,,,,,,,,
RADCURE-1943,,,,,,,,,,,,,,,,,,,,,,,
RADCURE-1944,,,,,,,,,,,,,,,,,,,,,,,
RADCURE-1948,,,,,,,,,,,,,,,,,,,,,,,
RADCURE-1951,,,,,,,,,,,,,,,,,,,,,,,
RADCURE-1952,,,,,,,,,,,,,,,,,,,,,,,
RADCURE-1961,,,,,,,,,,,,,,,,,,,,,,,
RADCURE-1970,,,,,,,,,,,,,,,,,,,,,,,
RADCURE-1981,,,,,,,,,,,,,,,,,,,,,,,
RADCURE-1998,,,,,,,,,,,,,,,,,,,,,,,
RADCURE-2000,,,,,,,,,,,,,,,,,,,,,,,
RADCURE-2012,,,,,,,,,,,,,,,,,,,,,,,
RADCURE-2052,,,,,,,,,,,,,,,,,,,,,,,
RADCURE-2054,,,,,,,,,,,,,,,,,,,,,,,
RADCURE-2061,,,,,,,,,,,,,,,,,,,,,,,
RADCURE-0300,,,,,,,,,,,,,,,,,,,,,,,
RADCURE-0301,,,,,,,,,,,,,,,,,,,,,,,
RADCURE-0315,,,,,,,,,,,,,,,,,,,,,,,
RADCURE-0320,,,,,,,,,,,,,,,,,,,,,,,
RADCURE-0323,,,,,,,,,,,,,,,,,,,,,,,
RADCURE-0327,,,,,,,,,,,,,,,,,,,,,,,
RADCURE-0330,,,,,,,,,,,,,,,,,,,,,,,
RADCURE-0331,,,,,,,,,,,,,,,,,,,,,,,
RADCURE-0342,,,,,,,,,,,,,,,,,,,,,,,
RADCURE-0343,,,,,,,,,,,,,,,,,,,,,,,
RADCURE-0359,,,,,,,,,,,,,,,,,,,,,,,
RADCURE-0361,,,,,,,,,,,,,,,,,,,,,,,
RADCURE-0370,,,,,,,,,,,,,,,,,,,,,,,
RADCURE-0373,,,,,,,,,,,,,,,,,,,,,,,
RADCURE-0391,,,,,,,,,,,,,,,,,,,,,,,
RADCURE-0392,,,,,,,,,,,,,,,,,,,,,,,
RADCURE-0393,,,,,,,,,,,,,,,,,,,,,,,
RADCURE-0397,,,,,,,,,,,,,,,,,,,,,,,
RADCURE-0409,,,,,,,,,,,,,,,,,,,,,,,
RADCURE-0412,,,,,,,,,,,,,,,,,,,,,,,
RADCURE-0438,,,,,,,,,,,,,,,,,,,,,,,
RADCURE-0440,,,,,,,,,,,,,,,,,,,,,,,
RADCURE-0450,,,,,,,,,,,,,,,,,,,,,,,
RADCURE-0453,,,,,,,,,,,,,,,,,,,,,,,
RADCURE-0459,,,,,,,,,,,,,,,,,,,,,,,
RADCURE-0465,,,,,,,,,,,,,,,,,,,,,,,
RADCURE-0473,,,,,,,,,,,,,,,,,,,,,,,
RADCURE-0494,,,,,,,,,,,,,,,,,,,,,,,
RADCURE-0497,,,,,,,,,,,,,,,,,,,,,,,
RADCURE-0502,,,,,,,,,,,,,,,,,,,,,,,
RADCURE-0513,,,,,,,,,,,,,,,,,,,,,,,
RADCURE-0521,,,,,,,,,,,,,,,,,,,,,,,
RADCURE-0524,,,,,,,,,,,,,,,,,,,,,,,
RADCURE-0527,,,,,,,,,,,,,,,,,,,,,,,
RADCURE-0536,,,,,,,,,,,,,,,,,,,,,,,
RADCURE-0540,,,,,,,,,,,,,,,,,,,,,,,
RADCURE-0548,,,,,,,,,,,,,,,,,,,,,,,
RADCURE-0553,,,,,,,,,,,,,,,,,,,,,,,
RADCURE-0562,,,,,,,,,,,,,,,,,,,,,,,
RADCURE-0565,,,,,,,,,,,,,,,,,,,,,,,
RADCURE-0568,,,,,,,,,,,,,,,,,,,,,,,
RADCURE-0586,,,,,,,,,,,,,,,,,,,,,,,
RADCURE-0588,,,,,,,,,,,,,,,,,,,,,,,
RADCURE-0648,,,,,,,,,,,,,,,,,,,,,,,
RADCURE-0664,,,,,,,,,,,,,,,,,,,,,,,
RADCURE-0665,,,,,,,,,,,,,,,,,,,,,,,
RADCURE-0688,,,,,,,,,,,,,,,,,,,,,,,
RADCURE-0689,,,,,,,,,,,,,,,,,,,,,,,
RADCURE-0697,,,,,,,,,,,,,,,,,,,,,,,
RADCURE-0709,,,,,,,,,,,,,,,,,,,,,,,
RADCURE-0718,,,,,,,,,,,,,,,,,,,,,,,
RADCURE-0729,,,,,,,,,,,,,,,,,,,,,,,
RADCURE-0743,,,,,,,,,,,,,,,,,,,,,,,
RADCURE-0744,,,,,,,,,,,,,,,,,,,,,,,
RADCURE-0750,,,,,,,,,,,,,,,,,,,,,,,
RADCURE-0751,,,,,,,,,,,,,,,,,,,,,,,
RADCURE-0763,,,,,,,,,,,,,,,,,,,,,,,
RADCURE-0765,,,,,,,,,,,,,,,,,,,,,,,
RADCURE-0766,,,,,,,,,,,,,,,,,,,,,,,
RADCURE-0769,,,,,,,,,,,,,,,,,,,,,,,
RADCURE-0783,,,,,,,,,,,,,,,,,,,,,,,
RADCURE-0786,,,,,,,,,,,,,,,,,,,,,,,
RADCURE-0787,,,,,,,,,,,,,,,,,,,,,,,
RADCURE-0790,,,,,,,,,,,,,,,,,,,,,,,
RADCURE-0796,,,,,,,,,,,,,,,,,,,,,,,
RADCURE-0807,,,,,,,,,,,,,,,,,,,,,,,
RADCURE-0809,,,,,,,,,,,,,,,,,,,,,,,
RADCURE-0810,,,,,,,,,,,,,,,,,,,,,,,
RADCURE-0827,,,,,,,,,,,,,,,,,,,,,,,
RADCURE-0832,,,,,,,,,,,,,,,,,,,,,,,
RADCURE-0837,,,,,,,,,,,,,,,,,,,,,,,
RADCURE-0838,,,,,,,,,,,,,,,,,,,,,,,
RADCURE-0840,,,,,,,,,,,,,,,,,,,,,,,
RADCURE-0843,,,,,,,,,,,,,,,,,,,,,,,
RADCURE-0851,,,,,,,,,,,,,,,,,,,,,,,
RADCURE-0852,,,,,,,,,,,,,,,,,,,,,,,
RADCURE-0857,,,,,,,,,,,,,,,,,,,,,,,
RADCURE-0858,,,,,,,,,,,,,,,,,,,,,,,
RADCURE-0862,,,,,,,,,,,,,,,,,,,,,,,
RADCURE-0875,,,,,,,,,,,,,,,,,,,,,,,
RADCURE-0879,,,,,,,,,,,,,,,,,,,,,,,
RADCURE-0894,,,,,,,,,,,,,,,,,,,,,,,
RADCURE-0901,,,,,,,,,,,,,,,,,,,,,,,
RADCURE-0904,,,,,,,,,,,,,,,,,,,,,,,
RADCURE-0908,,,,,,,,,,,,,,,,,,,,,,,
RADCURE-0911,,,,,,,,,,,,,,,,,,,,,,,
RADCURE-0915,,,,,,,,,,,,,,,,,,,,,,,
RADCURE-0916,,,,,,,,,,,,,,,,,,,,,,,
RADCURE-0928,,,,,,,,,,,,,,,,,,,,,,,
RADCURE-0929,,,,,,,,,,,,,,,,,,,,,,,
RADCURE-0930,,,,,,,,,,,,,,,,,,,,,,,
RADCURE-0938,,,,,,,,,,,,,,,,,,,,,,,
RADCURE-0943,,,,,,,,,,,,,,,,,,,,,,,
RADCURE-0949,,,,,,,,,,,,,,,,,,,,,,,
RADCURE-0954,,,,,,,,,,,,,,,,,,,,,,,
RADCURE-0955,,,,,,,,,,,,,,,,,,,,,,,
RADCURE-0971,,,,,,,,,,,,,,,,,,,,,,,
RADCURE-0972,,,,,,,,,,,,,,,,,,,,,,,
RADCURE-0973,,,,,,,,,,,,,,,,,,,,,,,
RADCURE-0983,,,,,,,,,,,,,,,,,,,,,,,
RADCURE-0986,,,,,,,,,,,,,,,,,,,,,,,
RADCURE-1016,,,,,,,,,,,,,,,,,,,,,,,
RADCURE-1020,,,,,,,,,,,,,,,,,,,,,,,
RADCURE-1021,,,,,,,,,,,,,,,,,,,,,,,
RADCURE-1027,,,,,,,,,,,,,,,,,,,,,,,
RADCURE-1028,,,,,,,,,,,,,,,,,,,,,,,
RADCURE-1035,,,,,,,,,,,,,,,,,,,,,,,
RADCURE-1038,,,,,,,,,,,,,,,,,,,,,,,
RADCURE-1040,,,,,,,,,,,,,,,,,,,,,,,
RADCURE-1041,,,,,,,,,,,,,,,,,,,,,,,
RADCURE-1059,,,,,,,,,,,,,,,,,,,,,,,
RADCURE-1060,,,,,,,,,,,,,,,,,,,,,,,
RADCURE-1061,,,,,,,,,,,,,,,,,,,,,,,
RADCURE-1068,,,,,,,,,,,,,,,,,,,,,,,
RADCURE-1070,,,,,,,,,,,,,,,,,,,,,,,
RADCURE-1073,,,,,,,,,,,,,,,,,,,,,,,
RADCURE-1075,,,,,,,,,,,,,,,,,,,,,,,
RADCURE-1081,,,,,,,,,,,,,,,,,,,,,,,
RADCURE-1082,,,,,,,,,,,,,,,,,,,,,,,
RADCURE-1090,,,,,,,,,,,,,,,,,,,,,,,
RADCURE-1096,,,,,,,,,,,,,,,,,,,,,,,
RADCURE-1101,,,,,,,,,,,,,,,,,,,,,,,
RADCURE-1156,,,,,,,,,,,,,,,,,,,,,,,
RADCURE-1177,,,,,,,,,,,,,,,,,,,,,,,
RADCURE-1187,,,,,,,,,,,,,,,,,,,,,,,
RADCURE-1210,,,,,,,,,,,,,,,,,,,,,,,
RADCURE-1382,,,,,,,,,,,,,,,,,,,,,,,
RADCURE-1415,,,,,,,,,,,,,,,,,,,,,,,
RADCURE-1481,,,,,,,,,,,,,,,,,,,,,,,
RADCURE-1483,,,,,,,,,,,,,,,,,,,,,,,
RADCURE-1500,,,,,,,,,,,,,,,,,,,,,,,
RADCURE-1504,,,,,,,,,,,,,,,,,,,,,,,
RADCURE-1543,,,,,,,,,,,,,,,,,,,,,,,
RADCURE-1574,,,,,,,,,,,,,,,,,,,,,,,
RADCURE-1583,,,,,,,,,,,,,,,,,,,,,,,
RADCURE-1675,,,,,,,,,,,,,,,,,,,,,,,
RADCURE-1678,,,,,,,,,,,,,,,,,,,,,,,
RADCURE-1684,,,,,,,,,,,,,,,,,,,,,,,
RADCURE-1694,,,,,,,,,,,,,,,,,,,,,,,
RADCURE-1695,,,,,,,,,,,,,,,,,,,,,,,
RADCURE-1744,,,,,,,,,,,,,,,,,,,,,,,
RADCURE-1750,,,,,,,,,,,,,,,,,,,,,,,
RADCURE-1755,,,,,,,,,,,,,,,,,,,,,,,
RADCURE-1758,,,,,,,,,,,,,,,,,,,,,,,
RADCURE-1759,,,,,,,,,,,,,,,,,,,,,,,
RADCURE-1760,,,,,,,,,,,,,,,,,,,,,,,
RADCURE-1812,,,,,,,,,,,,,,,,,,,,,,,
RADCURE-1818,,,,,,,,,,,,,,,,,,,,,,,
RADCURE-1826,,,,,,,,,,,,,,,,,,,,,,,
RADCURE-1835,,,,,,,,,,,,,,,,,,,,,,,
RADCURE-1843,,,,,,,,,,,,,,,,,,,,,,,
RADCURE-1855,,,,,,,,,,,,,,,,,,,,,,,
RADCURE-1877,,,,,,,,,,,,,,,,,,,,,,,
RADCURE-1885,,,,,,,,,,,,,,,,,,,,,,,
RADCURE-1898,,,,,,,,,,,,,,,,,,,,,,,
RADCURE-1939,,,,,,,,,,,,,,,,,,,,,,,
RADCURE-2037,,,,,,,,,,,,,,,,,,,,,,,
RADCURE-2040,,,,,,,,,,,,,,,,,,,,,,,
RADCURE-2046,,,,,,,,,,,,,,,,,,,,,,,
RADCURE-2066,,,,,,,,,,,,,,,,,,,,,,,
RADCURE-2177,,,,,,,,,,,,,,,,,,,,,,,
RADCURE-2299,,,,,,,,,,,,,,,,,,,,,,,
RADCURE-2376,,,,,,,,,,,,,,,,,,,,,,,
RADCURE-2411,,,,,,,,,,,,,,,,,,,,,,,
RADCURE-2442,,,,,,,,,,,,,,,,,,,,,,,
RADCURE-2495,,,,,,,,,,,,,,,,,,,,,,,
RADCURE-2515,,,,,,,,,,,,,,,,,,,,,,,
RADCURE-2571,,,,,,,,,,,,,,,,,,,,,,,
RADCURE-2589,,,,,,,,,,,,,,,,,,,,,,,
RADCURE-2642,,,,,,,,,,,,,,,,,,,,,,,
RADCURE-2662,,,,,,,,,,,,,,,,,,,,,,,
RADCURE-2673,,,,,,,,,,,,,,,,,,,,,,,
RADCURE-2704,,,,,,,,,,,,,,,,,,,,,,,
RADCURE-2711,,,,,,,,,,,,,,,,,,,,,,,
RADCURE-2715,,,,,,,,,,,,,,,,,,,,,,,
RADCURE-2815,,,,,,,,,,,,,,,,,,,,,,,
RADCURE-2850,,,,,,,,,,,,,,,,,,,,,,,
RADCURE-2874,,,,,,,,,,,,,,,,,,,,,,,
RADCURE-2908,,,,,,,,,,,,,,,,,,,,,,,
RADCURE-2909,,,,,,,,,,,,,,,,,,,,,,,
RADCURE-2937,,,,,,,,,,,,,,,,,,,,,,,
RADCURE-2948,,,,,,,,,,,,,,,,,,,,,,,
RADCURE-2965,,,,,,,,,,,,,,,,,,,,,,,
RADCURE-2993,,,,,,,,,,,,,,,,,,,,,,,
RADCURE-3051,,,,,,,,,,,,,,,,,,,,,,,
RADCURE-3066,,,,,,,,,,,,,,,,,,,,,,,
RADCURE-3143,,,,,,,,,,,,,,,,,,,,,,,
RADCURE-3152,,,,,,,,,,,,,,,,,,,,,,,
RADCURE-3175,,,,,,,,,,,,,,,,,,,,,,,
RADCURE-3185,,,,,,,,,,,,,,,,,,,,,,,
RADCURE-3228,,,,,,,,,,,,,,,,,,,,,,,
RADCURE-3229,,,,,,,,,,,,,,,,,,,,,,,
RADCURE-3243,,,,,,,,,,,,,,,,,,,,,,,
RADCURE-3246,,,,,,,,,,,,,,,,,,,,,,,
RADCURE-3248,,,,,,,,,,,,,,,,,,,,,,,
RADCURE-3250,,,,,,,,,,,,,,,,,,,,,,,
RADCURE-3253,,,,,,,,,,,,,,,,,,,,,,,
RADCURE-3257,,,,,,,,,,,,,,,,,,,,,,,
RADCURE-3265,,,,,,,,,,,,,,,,,,,,,,,
RADCURE-3266,,,,,,,,,,,,,,,,,,,,,,,
RADCURE-3269,,,,,,,,,,,,,,,,,,,,,,,
RADCURE-3270,,,,,,,,,,,,,,,,,,,,,,,
RADCURE-3271,,,,,,,,,,,,,,,,,,,,,,,
RADCURE-3273,,,,,,,,,,,,,,,,,,,,,,,
RADCURE-3274,,,,,,,,,,,,,,,,,,,,,,,
RADCURE-3275,,,,,,,,,,,,,,,,,,,,,,,
RADCURE-3276,,,,,,,,,,,,,,,,,,,,,,,
RADCURE-3278,,,,,,,,,,,,,,,,,,,,,,,
RADCURE-3281,,,,,,,,,,,,,,,,,,,,,,,
RADCURE-3282,,,,,,,,,,,,,,,,,,,,,,,
RADCURE-3284,,,,,,,,,,,,,,,,,,,,,,,
RADCURE-3287,,,,,,,,,,,,,,,,,,,,,,,
RADCURE-3288,,,,,,,,,,,,,,,,,,,,,,,
RADCURE-3289,,,,,,,,,,,,,,,,,,,,,,,
RADCURE-3291,,,,,,,,,,,,,,,,,,,,,,,
RADCURE-3293,,,,,,,,,,,,,,,,,,,,,,,
RADCURE-3294,,,,,,,,,,,,,,,,,,,,,,,
RADCURE-3295,,,,,,,,,,,,,,,,,,,,,,,
RADCURE-3296,,,,,,,,,,,,,,,,,,,,,,,
RADCURE-3297,,,,,,,,,,,,,,,,,,,,,,,
RADCURE-3298,,,,,,,,,,,,,,,,,,,,,,,
RADCURE-3299,,,,,,,,,,,,,,,,,,,,,,,
RADCURE-3300,,,,,,,,,,,,,,,,,,,,,,,
RADCURE-3301,,,,,,,,,,,,,,,,,,,,,,,
RADCURE-3302,,,,,,,,,,,,,,,,,,,,,,,
RADCURE-3304,,,,,,,,,,,,,,,,,,,,,,,
RADCURE-3305,,,,,,,,,,,,,,,,,,,,,,,
RADCURE-3307,,,,,,,,,,,,,,,,,,,,,,,
RADCURE-3308,,,,,,,,,,,,,,,,,,,,,,,
RADCURE-3309,,,,,,,,,,,,,,,,,,,,,,,
RADCURE-3310,,,,,,,,,,,,,,,,,,,,,,,
RADCURE-3311,,,,,,,,,,,,,,,,,,,,,,,
RADCURE-3312,,,,,,,,,,,,,,,,,,,,,,,
RADCURE-3313,,,,,,,,,,,,,,,,,,,,,,,
RADCURE-3315,,,,,,,,,,,,,,,,,,,,,,,
RADCURE-3316,,,,,,,,,,,,,,,,,,,,,,,
RADCURE-3317,,,,,,,,,,,,,,,,,,,,,,,
RADCURE-3319,,,,,,,,,,,,,,,,,,,,,,,
RADCURE-3320,,,,,,,,,,,,,,,,,,,,,,,
RADCURE-3321,,,,,,,,,,,,,,,,,,,,,,,
RADCURE-3322,,,,,,,,,,,,,,,,,,,,,,,
RADCURE-3323,,,,,,,,,,,,,,,,,,,,,,,
RADCURE-3325,,,,,,,,,,,,,,,,,,,,,,,
RADCURE-3326,,,,,,,,,,,,,,,,,,,,,,,
RADCURE-3327,,,,,,,,,,,,,,,,,,,,,,,
RADCURE-3328,,,,,,,,,,,,,,,,,,,,,,,
RADCURE-3329,,,,,,,,,,,,,,,,,,,,,,,
RADCURE-3330,,,,,,,,,,,,,,,,,,,,,,,
RADCURE-3331,,,,,,,,,,,,,,,,,,,,,,,
RADCURE-3334,,,,,,,,,,,,,,,,,,,,,,,
RADCURE-3335,,,,,,,,,,,,,,,,,,,,,,,
RADCURE-3337,,,,,,,,,,,,,,,,,,,,,,,
RADCURE-3338,,,,,,,,,,,,,,,,,,,,,,,
RADCURE-3340,,,,,,,,,,,,,,,,,,,,,,,
RADCURE-3341,,,,,,,,,,,,,,,,,,,,,,,
RADCURE-3343,,,,,,,,,,,,,,,,,,,,,,,
RADCURE-3344,,,,,,,,,,,,,,,,,,,,,,,
RADCURE-3346,,,,,,,,,,,,,,,,,,,,,,,
RADCURE-3348,,,,,,,,,,,,,,,,,,,,,,,
RADCURE-3349,,,,,,,,,,,,,,,,,,,,,,,
RADCURE-3350,,,,,,,,,,,,,,,,,,,,,,,
RADCURE-3351,,,,,,,,,,,,,,,,,,,,,,,
RADCURE-3352,,,,,,,,,,,,,,,,,,,,,,,
RADCURE-3353,,,,,,,,,,,,,,,,,,,,,,,
RADCURE-3354,,,,,,,,,,,,,,,,,,,,,,,
RADCURE-3355,,,,,,,,,,,,,,,,,,,,,,,
RADCURE-3360,,,,,,,,,,,,,,,,,,,,,,,
RADCURE-3361,,,,,,,,,,,,,,,,,,,,,,,
RADCURE-3362,,,,,,,,,,,,,,,,,,,,,,,
RADCURE-3363,,,,,,,,,,,,,,,,,,,,,,,
RADCURE-3364,,,,,,,,,,,,,,,,,,,,,,,
RADCURE-3366,,,,,,,,,,,,,,,,,,,,,,,
RADCURE-3367,,,,,,,,,,,,,,,,,,,,,,,
RADCURE-3368,,,,,,,,,,,,,,,,,,,,,,,
RADCURE-3369,,,,,,,,,,,,,,,,,,,,,,,
RADCURE-3370,,,,,,,,,,,,,,,,,,,,,,,
RADCURE-3371,,,,,,,,,,,,,,,,,,,,,,,
RADCURE-3372,,,,,,,,,,,,,,,,,,,,,,,
RADCURE-3375,,,,,,,,,,,,,,,,,,,,,,,
RADCURE-3376,,,,,,,,,,,,,,,,,,,,,,,
RADCURE-3377,,,,,,,,,,,,,,,,,,,,,,,
RADCURE-3378,,,,,,,,,,,,,,,,,,,,,,,
RADCURE-3381,,,,,,,,,,,,,,,,,,,,,,,
RADCURE-3382,,,,,,,,,,,,,,,,,,,,,,,
RADCURE-3386,,,,,,,,,,,,,,,,,,,,,,,
RADCURE-3389,,,,,,,,,,,,,,,,,,,,,,,
RADCURE-3390,,,,,,,,,,,,,,,,,,,,,,,
RADCURE-3392,,,,,,,,,,,,,,,,,,,,,,,
RADCURE-3393,,,,,,,,,,,,,,,,,,,,,,,
RADCURE-3395,,,,,,,,,,,,,,,,,,,,,,,
RADCURE-3396,,,,,,,,,,,,,,,,,,,,,,,
RADCURE-3397,,,,,,,,,,,,,,,,,,,,,,,
RADCURE-3398,,,,,,,,,,,,,,,,,,,,,,,
RADCURE-3399,,,,,,,,,,,,,,,,,,,,,,,
RADCURE-3400,,,,,,,,,,,,,,,,,,,,,,,
RADCURE-3401,,,,,,,,,,,,,,,,,,,,,,,
RADCURE-3402,,,,,,,,,,,,,,,,,,,,,,,
RADCURE-3403,,,,,,,,,,,,,,,,,,,,,,,
RADCURE-3404,,,,,,,,,,,,,,,,,,,,,,,
RADCURE-3405,,,,,,,,,,,,,,,,,,,,,,,
RADCURE-3406,,,,,,,,,,,,,,,,,,,,,,,
RADCURE-3407,,,,,,,,,,,,,,,,,,,,,,,
RADCURE-3408,,,,,,,,,,,,,,,,,,,,,,,
RADCURE-3409,,,,,,,,,,,,,,,,,,,,,,,
RADCURE-3414,,,,,,,,,,,,,,,,,,,,,,,
RADCURE-3416,,,,,,,,,,,,,,,,,,,,,,,
RADCURE-3420,,,,,,,,,,,,,,,,,,,,,,,
RADCURE-3421,,,,,,,,,,,,,,,,,,,,,,,
RADCURE-3426,,,,,,,,,,,,,,,,,,,,,,,
RADCURE-3427,,,,,,,,,,,,,,,,,,,,,,,
RADCURE-3428,,,,,,,,,,,,,,,,,,,,,,,
RADCURE-3430,,,,,,,,,,,,,,,,,,,,,,,
RADCURE-3432,,,,,,,,,,,,,,,,,,,,,,,
RADCURE-3433,,,,,,,,,,,,,,,,,,,,,,,
RADCURE-3435,,,,,,,,,,,,,,,,,,,,,,,
RADCURE-3437,,,,,,,,,,,,,,,,,,,,,,,
RADCURE-3441,,,,,,,,,,,,,,,,,,,,,,,
RADCURE-3442,,,,,,,,,,,,,,,,,,,,,,,
RADCURE-3443,,,,,,,,,,,,,,,,,,,,,,,
RADCURE-3445,,,,,,,,,,,,,,,,,,,,,,,
RADCURE-3446,,,,,,,,,,,,,,,,,,,,,,,
RADCURE-3448,,,,,,,,,,,,,,,,,,,,,,,
RADCURE-3451,,,,,,,,,,,,,,,,,,,,,,,
RADCURE-3452,,,,,,,,,,,,,,,,,,,,,,,
RADCURE-3453,,,,,,,,,,,,,,,,,,,,,,,
RADCURE-3457,,,,,,,,,,,,,,,,,,,,,,,
RADCURE-3458,,,,,,,,,,,,,,,,,,,,,,,
RADCURE-3462,,,,,,,,,,,,,,,,,,,,,,,
RADCURE-3463,,,,,,,,,,,,,,,,,,,,,,,
RADCURE-3464,,,,,,,,,,,,,,,,,,,,,,,
RADCURE-3465,,,,,,,,,,,,,,,,,,,,,,,
RADCURE-3466,,,,,,,,,,,,,,,,,,,,,,,
RADCURE-3467,,,,,,,,,,,,,,,,,,,,,,,
RADCURE-3468,,,,,,,,,,,,,,,,,,,,,,,
RADCURE-3470,,,,,,,,,,,,,,,,,,,,,,,
RADCURE-3471,,,,,,,,,,,,,,,,,,,,,,,
RADCURE-3472,,,,,,,,,,,,,,,,,,,,,,,
RADCURE-3473,,,,,,,,,,,,,,,,,,,,,,,
RADCURE-3478,,,,,,,,,,,,,,,,,,,,,,,
RADCURE-3483,,,,,,,,,,,,,,,,,,,,,,,
RADCURE-3485,,,,,,,,,,,,,,,,,,,,,,,
RADCURE-3491,,,,,,,,,,,,,,,,,,,,,,,
RADCURE-3494,,,,,,,,,,,,,,,,,,,,,,,
RADCURE-3496,,,,,,,,,,,,,,,,,,,,,,,
RADCURE-3497,,,,,,,,,,,,,,,,,,,,,,,
RADCURE-3499,,,,,,,,,,,,,,,,,,,,,,,
RADCURE-3501,,,,,,,,,,,,,,,,,,,,,,,
RADCURE-3502,,,,,,,,,,,,,,,,,,,,,,,
RADCURE-3506,,,,,,,,,,,,,,,,,,,,,,,
RADCURE-3507,,,,,,,,,,,,,,,,,,,,,,,
RADCURE-3509,,,,,,,,,,,,,,,,,,,,,,,
RADCURE-3510,,,,,,,,,,,,,,,,,,,,,,,
RADCURE-3511,,,,,,,,,,,,,,,,,,,,,,,
RADCURE-3512,,,,,,,,,,,,,,,,,,,,,,,
RADCURE-3513,,,,,,,,,,,,,,,,,,,,,,,
RADCURE-3514,,,,,,,,,,,,,,,,,,,,,,,
RADCURE-3515,,,,,,,,,,,,,,,,,,,,,,,
RADCURE-3516,,,,,,,,,,,,,,,,,,,,,,,
RADCURE-3517,,,,,,,,,,,,,,,,,,,,,,,
RADCURE-3519,,,,,,,,,,,,,,,,,,,,,,,
RADCURE-3522,,,,,,,,,,,,,,,,,,,,,,,
RADCURE-3523,,,,,,,,,,,,,,,,,,,,,,,
RADCURE-3524,,,,,,,,,,,,,,,,,,,,,,,
RADCURE-3525,,,,,,,,,,,,,,,,,,,,,,,
RADCURE-3527,,,,,,,,,,,,,,,,,,,,,,,
RADCURE-3529,,,,,,,,,,,,,,,,,,,,,,,
RADCURE-3530,,,,,,,,,,,,,,,,,,,,,,,
RADCURE-3533,,,,,,,,,,,,,,,,,,,,,,,
RADCURE-3534,,,,,,,,,,,,,,,,,,,,,,,
RADCURE-3535,,,,,,,,,,,,,,,,,,,,,,,
RADCURE-3537,,,,,,,,,,,,,,,,,,,,,,,
RADCURE-3539,,,,,,,,,,,,,,,,,,,,,,,
RADCURE-3541,,,,,,,,,,,,,,,,,,,,,,,
RADCURE-3543,,,,,,,,,,,,,,,,,,,,,,,
RADCURE-3544,,,,,,,,,,,,,,,,,,,,,,,
RADCURE-3545,,,,,,,,,,,,,,,,,,,,,,,
RADCURE-3546,,,,,,,,,,,,,,,,,,,,,,,
RADCURE-3548,,,,,,,,,,,,,,,,,,,,,,,
RADCURE-3549,,,,,,,,,,,,,,,,,,,,,,,
RADCURE-3551,,,,,,,,,,,,,,,,,,,,,,,
RADCURE-3552,,,,,,,,,,,,,,,,,,,,,,,
RADCURE-3554,,,,,,,,,,,,,,,,,,,,,,,
RADCURE-3556,,,,,,,,,,,,,,,,,,,,,,,
RADCURE-3558,,,,,,,,,,,,,,,,,,,,,,,
RADCURE-3559,,,,,,,,,,,,,,,,,,,,,,,
RADCURE-3561,,,,,,,,,,,,,,,,,,,,,,,
RADCURE-3563,,,,,,,,,,,,,,,,,,,,,,,
RADCURE-3564,,,,,,,,,,,,,,,,,,,,,,,
RADCURE-3565,,,,,,,,,,,,,,,,,,,,,,,
RADCURE-3566,,,,,,,,,,,,,,,,,,,,,,,
RADCURE-3567,,,,,,,,,,,,,,,,,,,,,,,
RADCURE-3570,,,,,,,,,,,,,,,,,,,,,,,
RADCURE-3572,,,,,,,,,,,,,,,,,,,,,,,
RADCURE-3574,,,,,,,,,,,,,,,,,,,,,,,
RADCURE-3575,,,,,,,,,,,,,,,,,,,,,,,
RADCURE-3576,,,,,,,,,,,,,,,,,,,,,,,
RADCURE-3577,,,,,,,,,,,,,,,,,,,,,,,
RADCURE-3579,,,,,,,,,,,,,,,,,,,,,,,
RADCURE-3580,,,,,,,,,,,,,,,,,,,,,,,
RADCURE-3581,,,,,,,,,,,,,,,,,,,,,,,
RADCURE-3583,,,,,,,,,,,,,,,,,,,,,,,
RADCURE-3587,,,,,,,,,,,,,,,,,,,,,,,
RADCURE-3588,,,,,,,,,,,,,,,,,,,,,,,
RADCURE-3589,,,,,,,,,,,,,,,,,,,,,,,
RADCURE-3590,,,,,,,,,,,,,,,,,,,,,,,
RADCURE-3592,,,,,,,,,,,,,,,,,,,,,,,
RADCURE-3593,,,,,,,,,,,,,,,,,,,,,,,
RADCURE-3596,,,,,,,,,,,,,,,,,,,,,,,
RADCURE-3600,,,,,,,,,,,,,,,,,,,,,,,
RADCURE-3601,,,,,,,,,,,,,,,,,,,,,,,
RADCURE-3602,,,,,,,,,,,,,,,,,,,,,,,
RADCURE-3603,,,,,,,,,,,,,,,,,,,,,,,
RADCURE-3605,,,,,,,,,,,,,,,,,,,,,,,
RADCURE-3606,,,,,,,,,,,,,,,,,,,,,,,
RADCURE-3607,,,,,,,,,,,,,,,,,,,,,,,
RADCURE-3610,,,,,,,,,,,,,,,,,,,,,,,
RADCURE-3614,,,,,,,,,,,,,,,,,,,,,,,
RADCURE-3616,,,,,,,,,,,,,,,,,,,,,,,
RADCURE-3619,,,,,,,,,,,,,,,,,,,,,,,
RADCURE-3622,,,,,,,,,,,,,,,,,,,,,,,
RADCURE-3624,,,,,,,,,,,,,,,,,,,,,,,
RADCURE-3625,,,,,,,,,,,,,,,,,,,,,,,
RADCURE-3626,,,,,,,,,,,,,,,,,,,,,,,
RADCURE-3628,,,,,,,,,,,,,,,,,,,,,,,
RADCURE-3629,,,,,,,,,,,,,,,,,,,,,,,
RADCURE-3630,,,,,,,,,,,,,,,,,,,,,,,
RADCURE-3631,,,,,,,,,,,,,,,,,,,,,,,
RADCURE-3632,,,,,,,,,,,,,,,,,,,,,,,
RADCURE-3635,,,,,,,,,,,,,,,,,,,,,,,
RADCURE-3637,,,,,,,,,,,,,,,,,,,,,,,
RADCURE-3638,,,,,,,,,,,,,,,,,,,,,,,
RADCURE-3640,,,,,,,,,,,,,,,,,,,,,,,
RADCURE-3641,,,,,,,,,,,,,,,,,,,,,,,
RADCURE-3644,,,,,,,,,,,,,,,,,,,,,,,
RADCURE-3645,,,,,,,,,,,,,,,,,,,,,,,
RADCURE-3646,,,,,,,,,,,,,,,,,,,,,,,
RADCURE-3647,,,,,,,,,,,,,,,,,,,,,,,
RADCURE-3648,,,,,,,,,,,,,,,,,,,,,,,
RADCURE-3651,,,,,,,,,,,,,,,,,,,,,,,
RADCURE-3652,,,,,,,,,,,,,,,,,,,,,,,
RADCURE-3655,,,,,,,,,,,,,,,,,,,,,,,
RADCURE-3657,,,,,,,,,,,,,,,,,,,,,,,
RADCURE-3660,,,,,,,,,,,,,,,,,,,,,,,
RADCURE-3661,,,,,,,,,,,,,,,,,,,,,,,
RADCURE-3663,,,,,,,,,,,,,,,,,,,,,,,
RADCURE-3666,,,,,,,,,,,,,,,,,,,,,,,
RADCURE-3668,,,,,,,,,,,,,,,,,,,,,,,
RADCURE-3669,,,,,,,,,,,,,,,,,,,,,,,
RADCURE-3671,,,,,,,,,,,,,,,,,,,,,,,
RADCURE-3673,,,,,,,,,,,,,,,,,,,,,,,
RADCURE-3674,,,,,,,,,,,,,,,,,,,,,,,
RADCURE-3675,,,,,,,,,,,,,,,,,,,,,,,
RADCURE-3678,,,,,,,,,,,,,,,,,,,,,,,
RADCURE-3679,,,,,,,,,,,,,,,,,,,,,,,
RADCURE-3680,,,,,,,,,,,,,,,,,,,,,,,
RADCURE-3681,,,,,,,,,,,,,,,,,,,,,,,
RADCURE-3683,,,,,,,,,,,,,,,,,,,,,,,
RADCURE-3684,,,,,,,,,,,,,,,,,,,,,,,
RADCURE-3686,,,,,,,,,,,,,,,,,,,,,,,
RADCURE-3687,,,,,,,,,,,,,,,,,,,,,,,
RADCURE-3689,,,,,,,,,,,,,,,,,,,,,,,
RADCURE-3691,,,,,,,,,,,,,,,,,,,,,,,
RADCURE-3694,,,,,,,,,,,,,,,,,,,,,,,
RADCURE-3695,,,,,,,,,,,,,,,,,,,,,,,
RADCURE-3696,,,,,,,,,,,,,,,,,,,,,,,
RADCURE-3698,,,,,,,,,,,,,,,,,,,,,,,
RADCURE-3701,,,,,,,,,,,,,,,,,,,,,,,
RADCURE-3702,,,,,,,,,,,,,,,,,,,,,,,
RADCURE-3703,,,,,,,,,,,,,,,,,,,,,,,
RADCURE-3704,,,,,,,,,,,,,,,,,,,,,,,
RADCURE-3706,,,,,,,,,,,,,,,,,,,,,,,
RADCURE-3708,,,,,,,,,,,,,,,,,,,,,,,
RADCURE-3711,,,,,,,,,,,,,,,,,,,,,,,
RADCURE-3717,,,,,,,,,,,,,,,,,,,,,,,
RADCURE-3718,,,,,,,,,,,,,,,,,,,,,,,
RADCURE-3719,,,,,,,,,,,,,,,,,,,,,,,
RADCURE-3721,,,,,,,,,,,,,,,,,,,,,,,
RADCURE-3723,,,,,,,,,,,,,,,,,,,,,,,
RADCURE-3724,,,,,,,,,,,,,,,,,,,,,,,
RADCURE-3725,,,,,,,,,,,,,,,,,,,,,,,
RADCURE-3726,,,,,,,,,,,,,,,,,,,,,,,
RADCURE-3727,,,,,,,,,,,,,,,,,,,,,,,
RADCURE-3729,,,,,,,,,,,,,,,,,,,,,,,
RADCURE-3730,,,,,,,,,,,,,,,,,,,,,,,
RADCURE-3732,,,,,,,,,,,,,,,,,,,,,,,
RADCURE-3740,,,,,,,,,,,,,,,,,,,,,,,
RADCURE-3744,,,,,,,,,,,,,,,,,,,,,,,
RADCURE-3746,,,,,,,,,,,,,,,,,,,,,,,
RADCURE-3752,,,,,,,,,,,,,,,,,,,,,,,
RADCURE-3754,,,,,,,,,,,,,,,,,,,,,,,
RADCURE-3755,,,,,,,,,,,,,,,,,,,,,,,
RADCURE-3757,,,,,,,,,,,,,,,,,,,,,,,
RADCURE-3758,,,,,,,,,,,,,,,,,,,,,,,
RADCURE-3760,,,,,,,,,,,,,,,,,,,,,,,
RADCURE-3763,,,,,,,,,,,,,,,,,,,,,,,
RADCURE-3764,,,,,,,,,,,,,,,,,,,,,,,
RADCURE-3765,,,,,,,,,,,,,,,,,,,,,,,
RADCURE-3766,,,,,,,,,,,,,,,,,,,,,,,
RADCURE-3767,,,,,,,,,,,,,,,,,,,,,,,
RADCURE-3768,,,,,,,,,,,,,,,,,,,,,,,
RADCURE-3771,,,,,,,,,,,,,,,,,,,,,,,
RADCURE-3772,,,,,,,,,,,,,,,,,,,,,,,
RADCURE-3774,,,,,,,,,,,,,,,,,,,,,,,
RADCURE-3775,,,,,,,,,,,,,,,,,,,,,,,
RADCURE-3776,,,,,,,,,,,,,,,,,,,,,,,
RADCURE-3777,,,,,,,,,,,,,,,,,,,,,,,
RADCURE-3778,,,,,,,,,,,,,,,,,,,,,,,
RADCURE-3779,,,,,,,,,,,,,,,,,,,,,,,
RADCURE-3782,,,,,,,,,,,,,,,,,,,,,,,
RADCURE-3783,,,,,,,,,,,,,,,,,,,,,,,
RADCURE-3784,,,,,,,,,,,,,,,,,,,,,,,
RADCURE-3787,,,,,,,,,,,,,,,,,,,,,,,
RADCURE-3788,,,,,,,,,,,,,,,,,,,,,,,
RADCURE-3789,,,,,,,,,,,,,,,,,,,,,,,
RADCURE-3790,,,,,,,,,,,,,,,,,,,,,,,
RADCURE-3791,,,,,,,,,,,,,,,,,,,,,,,
RADCURE-3792,,,,,,,,,,,,,,,,,,,,,,,
RADCURE-3793,,,,,,,,,,,,,,,,,,,,,,,
RADCURE-3794,,,,,,,,,,,,,,,,,,,,,,,
RADCURE-3796,,,,,,,,,,,,,,,,,,,,,,,
RADCURE-3797,,,,,,,,,,,,,,,,,,,,,,,
RADCURE-3799,,,,,,,,,,,,,,,,,,,,,,,
RADCURE-3800,,,,,,,,,,,,,,,,,,,,,,,
RADCURE-3801,,,,,,,,,,,,,,,,,,,,,,,
RADCURE-3803,,,,,,,,,,,,,,,,,,,,,,,
RADCURE-3804,,,,,,,,,,,,,,,,,,,,,,,
RADCURE-3805,,,,,,,,,,,,,,,,,,,,,,,
RADCURE-3807,,,,,,,,,,,,,,,,,,,,,,,
RADCURE-3809,,,,,,,,,,,,,,,,,,,,,,,
RADCURE-3811,,,,,,,,,,,,,,,,,,,,,,,
RADCURE-3812,,,,,,,,,,,,,,,,,,,,,,,
RADCURE-3814,,,,,,,,,,,,,,,,,,,,,,,
RADCURE-3816,,,,,,,,,,,,,,,,,,,,,,,
RADCURE-3818,,,,,,,,,,,,,,,,,,,,,,,
RADCURE-3820,,,,,,,,,,,,,,,,,,,,,,,
RADCURE-3821,,,,,,,,,,,,,,,,,,,,,,,
RADCURE-3822,,,,,,,,,,,,,,,,,,,,,,,
RADCURE-3824,,,,,,,,,,,,,,,,,,,,,,,
RADCURE-3825,,,,,,,,,,,,,,,,,,,,,,,
RADCURE-3827,,,,,,,,,,,,,,,,,,,,,,,
RADCURE-3828,,,,,,,,,,,,,,,,,,,,,,,
RADCURE-3830,,,,,,,,,,,,,,,,,,,,,,,
RADCURE-3831,,,,,,,,,,,,,,,,,,,,,,,
RADCURE-3832,,,,,,,,,,,,,,,,,,,,,,,
RADCURE-3835,,,,,,,,,,,,,,,,,,,,,,,
RADCURE-3836,,,,,,,,,,,,,,,,,,,,,,,
RADCURE-3837,,,,,,,,,,,,,,,,,,,,,,,
RADCURE-3840,,,,,,,,,,,,,,,,,,,,,,,
RADCURE-3841,,,,,,,,,,,,,,,,,,,,,,,
RADCURE-3842,,,,,,,,,,,,,,,,,,,,,,,
RADCURE-3843,,,,,,,,,,,,,,,,,,,,,,,
RADCURE-3845,,,,,,,,,,,,,,,,,,,,,,,
RADCURE-3846,,,,,,,,,,,,,,,,,,,,,,,
RADCURE-3850,,,,,,,,,,,,,,,,,,,,,,,
RADCURE-3854,,,,,,,,,,,,,,,,,,,,,,,
RADCURE-3855,,,,,,,,,,,,,,,,,,,,,,,
RADCURE-3856,,,,,,,,,,,,,,,,,,,,,,,
RADCURE-3858,,,,,,,,,,,,,,,,,,,,,,,
RADCURE-3861,,,,,,,,,,,,,,,,,,,,,,,
RADCURE-3864,,,,,,,,,,,,,,,,,,,,,,,
RADCURE-3865,,,,,,,,,,,,,,,,,,,,,,,
RADCURE-3866,,,,,,,,,,,,,,,,,,,,,,,
RADCURE-3868,,,,,,,,,,,,,,,,,,,,,,,
RADCURE-3869,,,,,,,,,,,,,,,,,,,,,,,
RADCURE-3871,,,,,,,,,,,,,,,,,,,,,,,
RADCURE-3874,,,,,,,,,,,,,,,,,,,,,,,
RADCURE-3875,,,,,,,,,,,,,,,,,,,,,,,
RADCURE-3876,,,,,,,,,,,,,,,,,,,,,,,
RADCURE-3880,,,,,,,,,,,,,,,,,,,,,,,
RADCURE-3881,,,,,,,,,,,,,,,,,,,,,,,
RADCURE-3882,,,,,,,,,,,,,,,,,,,,,,,
RADCURE-3883,,,,,,,,,,,,,,,,,,,,,,,
RADCURE-3884,,,,,,,,,,,,,,,,,,,,,,,
RADCURE-3885,,,,,,,,,,,,,,,,,,,,,,,
RADCURE-3886,,,,,,,,,,,,,,,,,,,,,,,
RADCURE-3887,,,,,,,,,,,,,,,,,,,,,,,
RADCURE-3892,,,,,,,,,,,,,,,,,,,,,,,
RADCURE-3894,,,,,,,,,,,,,,,,,,,,,,,
RADCURE-3896,,,,,,,,,,,,,,,,,,,,,,,
RADCURE-3897,,,,,,,,,,,,,,,,,,,,,,,
RADCURE-3899,,,,,,,,,,,,,,,,,,,,,,,
RADCURE-3901,,,,,,,,,,,,,,,,,,,,,,,
RADCURE-3902,,,,,,,,,,,,,,,,,,,,,,,
RADCURE-3908,,,,,,,,,,,,,,,,,,,,,,,
RADCURE-3909,,,,,,,,,,,,,,,,,,,,,,,
RADCURE-3910,,,,,,,,,,,,,,,,,,,,,,,
RADCURE-3914,,,,,,,,,,,,,,,,,,,,,,,
RADCURE-3915,,,,,,,,,,,,,,,,,,,,,,,
RADCURE-3918,,,,,,,,,,,,,,,,,,,,,,,
RADCURE-3920,,,,,,,,,,,,,,,,,,,,,,,
RADCURE-3921,,,,,,,,,,,,,,,,,,,,,,,
RADCURE-3923,,,,,,,,,,,,,,,,,,,,,,,
RADCURE-3931,,,,,,,,,,,,,,,,,,,,,,,
RADCURE-3932,,,,,,,,,,,,,,,,,,,,,,,
RADCURE-3936,,,,,,,,,,,,,,,,,,,,,,,
RADCURE-3937,,,,,,,,,,,,,,,,,,,,,,,
RADCURE-3942,,,,,,,,,,,,,,,,,,,,,,,
RADCURE-3955,,,,,,,,,,,,,,,,,,,,,,,
RADCURE-3956,,,,,,,,,,,,,,,,,,,,,,,
RADCURE-3969,,,,,,,,,,,,,,,,,,,,,,,
RADCURE-3973,,,,,,,,,,,,,,,,,,,,,,,
RADCURE-3980,,,,,,,,,,,,,,,,,,,,,,,
RADCURE-3992,,,,,,,,,,,,,,,,,,,,,,,
RADCURE-4006,,,,,,,,,,,,,,,,,,,,,,,
RADCURE-4013,,,,,,,,,,,,,,,,,,,,,,,
RADCURE-4028,,,,,,,,,,,,,,,,,,,,,,,
RADCURE-4029,,,,,,,,,,,,,,,,,,,,,,,
RADCURE-4032,,,,,,,,,,,,,,,,,,,,,,,
RADCURE-4040,,,,,,,,,,,,,,,,,,,,,,,
RADCURE-4049,,,,,,,,,,,,,,,,,,,,,,,
RADCURE-4057,,,,,,,,,,,,,,,,,,,,,,,
RADCURE-4059,,,,,,,,,,,,,,,,,,,,,,,
RADCURE-4068,,,,,,,,,,,,,,,,,,,,,,,
RADCURE-4069,,,,,,,,,,,,,,,,,,,,,,,
RADCURE-4070,,,,,,,,,,,,,,,,,,,,,,,
RADCURE-4073,,,,,,,,,,,,,,,,,,,,,,,
RADCURE-4076,,,,,,,,,,,,,,,,,,,,,,,
RADCURE-4080,,,,,,,,,,,,,,,,,,,,,,,
RADCURE-4083,,,,,,,,,,,,,,,,,,,,,,,
RADCURE-4084,,,,,,,,,,,,,,,,,,,,,,,
RADCURE-4102,,,,,,,,,,,,,,,,,,,,,,,
RADCURE-4105,,,,,,,,,,,,,,,,,,,,,,,
RADCURE-4108,,,,,,,,,,,,,,,,,,,,,,,
RADCURE-4113,,,,,,,,,,,,,,,,,,,,,,,
RADCURE-4116,,,,,,,,,,,,,,,,,,,,,,,
RADCURE-0303,,,,,,,,,,,,,,,,,,,,,,,
RADCURE-0304,,,,,,,,,,,,,,,,,,,,,,,
RADCURE-0305,,,,,,,,,,,,,,,,,,,,,,,
RADCURE-0306,,,,,,,,,,,,,,,,,,,,,,,
RADCURE-0313,,,,,,,,,,,,,,,,,,,,,,,
RADCURE-0322,,,,,,,,,,,,,,,,,,,,,,,
RADCURE-0326,,,,,,,,,,,,,,,,,,,,,,,
RADCURE-0332,,,,,,,,,,,,,,,,,,,,,,,
RADCURE-0334,,,,,,,,,,,,,,,,,,,,,,,
RADCURE-0335,,,,,,,,,,,,,,,,,,,,,,,
RADCURE-0337,,,,,,,,,,,,,,,,,,,,,,,
RADCURE-0345,,,,,,,,,,,,,,,,,,,,,,,
RADCURE-0349,,,,,,,,,,,,,,,,,,,,,,,
RADCURE-0352,,,,,,,,,,,,,,,,,,,,,,,
RADCURE-0355,,,,,,,,,,,,,,,,,,,,,,,
RADCURE-0360,,,,,,,,,,,,,,,,,,,,,,,
RADCURE-0365,,,,,,,,,,,,,,,,,,,,,,,
RADCURE-0371,,,,,,,,,,,,,,,,,,,,,,,
RADCURE-0376,,,,,,,,,,,,,,,,,,,,,,,
RADCURE-0385,,,,,,,,,,,,,,,,,,,,,,,
RADCURE-0386,,,,,,,,,,,,,,,,,,,,,,,
RADCURE-0396,,,,,,,,,,,,,,,,,,,,,,,
RADCURE-0402,,,,,,,,,,,,,,,,,,,,,,,
RADCURE-0403,,,,,,,,,,,,,,,,,,,,,,,
RADCURE-0408,,,,,,,,,,,,,,,,,,,,,,,
RADCURE-0411,,,,,,,,,,,,,,,,,,,,,,,
RADCURE-0414,,,,,,,,,,,,,,,,,,,,,,,
RADCURE-0432,,,,,,,,,,,,,,,,,,,,,,,
RADCURE-0436,,,,,,,,,,,,,,,,,,,,,,,
RADCURE-0442,,,,,,,,,,,,,,,,,,,,,,,
RADCURE-0446,,,,,,,,,,,,,,,,,,,,,,,
RADCURE-0447,,,,,,,,,,,,,,,,,,,,,,,
RADCURE-0451,,,,,,,,,,,,,,,,,,,,,,,
RADCURE-0454,,,,,,,,,,,,,,,,,,,,,,,
RADCURE-0455,,,,,,,,,,,,,,,,,,,,,,,
RADCURE-0456,,,,,,,,,,,,,,,,,,,,,,,
RADCURE-0461,,,,,,,,,,,,,,,,,,,,,,,
RADCURE-0467,,,,,,,,,,,,,,,,,,,,,,,
RADCURE-0471,,,,,,,,,,,,,,,,,,,,,,,
RADCURE-0479,,,,,,,,,,,,,,,,,,,,,,,
RADCURE-0480,,,,,,,,,,,,,,,,,,,,,,,
RADCURE-0483,,,,,,,,,,,,,,,,,,,,,,,
RADCURE-0484,,,,,,,,,,,,,,,,,,,,,,,
RADCURE-0489,,,,,,,,,,,,,,,,,,,,,,,
RADCURE-0495,,,,,,,,,,,,,,,,,,,,,,,
RADCURE-0500,,,,,,,,,,,,,,,,,,,,,,,
RADCURE-0516,,,,,,,,,,,,,,,,,,,,,,,
RADCURE-0518,,,,,,,,,,,,,,,,,,,,,,,
RADCURE-0522,,,,,,,,,,,,,,,,,,,,,,,
RADCURE-0525,,,,,,,,,,,,,,,,,,,,,,,
RADCURE-0533,,,,,,,,,,,,,,,,,,,,,,,
RADCURE-0535,,,,,,,,,,,,,,,,,,,,,,,
RADCURE-0537,,,,,,,,,,,,,,,,,,,,,,,
RADCURE-0544,,,,,,,,,,,,,,,,,,,,,,,
RADCURE-0550,,,,,,,,,,,,,,,,,,,,,,,
RADCURE-0552,,,,,,,,,,,,,,,,,,,,,,,
RADCURE-0554,,,,,,,,,,,,,,,,,,,,,,,
RADCURE-0556,,,,,,,,,,,,,,,,,,,,,,,
RADCURE-0557,,,,,,,,,,,,,,,,,,,,,,,
RADCURE-0560,,,,,,,,,,,,,,,,,,,,,,,
RADCURE-0563,,,,,,,,,,,,,,,,,,,,,,,
RADCURE-0569,,,,,,,,,,,,,,,,,,,,,,,
RADCURE-0571,,,,,,,,,,,,,,,,,,,,,,,
RADCURE-0578,,,,,,,,,,,,,,,,,,,,,,,
RADCURE-0587,,,,,,,,,,,,,,,,,,,,,,,
RADCURE-0591,,,,,,,,,,,,,,,,,,,,,,,
RADCURE-0594,,,,,,,,,,,,,,,,,,,,,,,
RADCURE-0595,,,,,,,,,,,,,,,,,,,,,,,
RADCURE-0596,,,,,,,,,,,,,,,,,,,,,,,
RADCURE-0597,,,,,,,,,,,,,,,,,,,,,,,
RADCURE-0600,,,,,,,,,,,,,,,,,,,,,,,
RADCURE-0604,,,,,,,,,,,,,,,,,,,,,,,
RADCURE-0608,,,,,,,,,,,,,,,,,,,,,,,
RADCURE-0611,,,,,,,,,,,,,,,,,,,,,,,
RADCURE-0616,,,,,,,,,,,,,,,,,,,,,,,
RADCURE-0622,,,,,,,,,,,,,,,,,,,,,,,
RADCURE-0626,,,,,,,,,,,,,,,,,,,,,,,
RADCURE-0628,,,,,,,,,,,,,,,,,,,,,,,
RADCURE-0629,,,,,,,,,,,,,,,,,,,,,,,
RADCURE-0632,,,,,,,,,,,,,,,,,,,,,,,
RADCURE-0639,,,,,,,,,,,,,,,,,,,,,,,
RADCURE-0644,,,,,,,,,,,,,,,,,,,,,,,
RADCURE-0652,,,,,,,,,,,,,,,,,,,,,,,
RADCURE-0653,,,,,,,,,,,,,,,,,,,,,,,
RADCURE-0654,,,,,,,,,,,,,,,,,,,,,,,
RADCURE-0656,,,,,,,,,,,,,,,,,,,,,,,
RADCURE-0661,,,,,,,,,,,,,,,,,,,,,,,
RADCURE-0662,,,,,,,,,,,,,,,,,,,,,,,
RADCURE-0670,,,,,,,,,,,,,,,,,,,,,,,
RADCURE-0674,,,,,,,,,,,,,,,,,,,,,,,
RADCURE-0679,,,,,,,,,,,,,,,,,,,,,,,
RADCURE-0687,,,,,,,,,,,,,,,,,,,,,,,
RADCURE-0694,,,,,,,,,,,,,,,,,,,,,,,
RADCURE-0696,,,,,,,,,,,,,,,,,,,,,,,
RADCURE-0698,,,,,,,,,,,,,,,,,,,,,,,
RADCURE-0699,,,,,,,,,,,,,,,,,,,,,,,
RADCURE-0700,,,,,,,,,,,,,,,,,,,,,,,
RADCURE-0705,,,,,,,,,,,,,,,,,,,,,,,
RADCURE-0716,,,,,,,,,,,,,,,,,,,,,,,
RADCURE-0720,,,,,,,,,,,,,,,,,,,,,,,
RADCURE-0721,,,,,,,,,,,,,,,,,,,,,,,
RADCURE-0722,,,,,,,,,,,,,,,,,,,,,,,
RADCURE-0731,,,,,,,,,,,,,,,,,,,,,,,
RADCURE-0737,,,,,,,,,,,,,,,,,,,,,,,
RADCURE-0738,,,,,,,,,,,,,,,,,,,,,,,
RADCURE-0742,,,,,,,,,,,,,,,,,,,,,,,
RADCURE-0745,,,,,,,,,,,,,,,,,,,,,,,
RADCURE-0747,,,,,,,,,,,,,,,,,,,,,,,
RADCURE-0753,,,,,,,,,,,,,,,,,,,,,,,
RADCURE-0760,,,,,,,,,,,,,,,,,,,,,,,
RADCURE-0761,,,,,,,,,,,,,,,,,,,,,,,
RADCURE-0767,,,,,,,,,,,,,,,,,,,,,,,
RADCURE-0778,,,,,,,,,,,,,,,,,,,,,,,
RADCURE-0785,,,,,,,,,,,,,,,,,,,,,,,
RADCURE-0803,,,,,,,,,,,,,,,,,,,,,,,
RADCURE-0808,,,,,,,,,,,,,,,,,,,,,,,
RADCURE-0816,,,,,,,,,,,,,,,,,,,,,,,
RADCURE-0819,,,,,,,,,,,,,,,,,,,,,,,
RADCURE-0823,,,,,,,,,,,,,,,,,,,,,,,
RADCURE-0826,,,,,,,,,,,,,,,,,,,,,,,
RADCURE-0828,,,,,,,,,,,,,,,,,,,,,,,
RADCURE-0841,,,,,,,,,,,,,,,,,,,,,,,
RADCURE-0846,,,,,,,,,,,,,,,,,,,,,,,
RADCURE-0849,,,,,,,,,,,,,,,,,,,,,,,
RADCURE-0859,,,,,,,,,,,,,,,,,,,,,,,
RADCURE-0865,,,,,,,,,,,,,,,,,,,,,,,
RADCURE-0873,,,,,,,,,,,,,,,,,,,,,,,
RADCURE-0874,,,,,,,,,,,,,,,,,,,,,,,
RADCURE-0878,,,,,,,,,,,,,,,,,,,,,,,
RADCURE-0885,,,,,,,,,,,,,,,,,,,,,,,
RADCURE-0900,,,,,,,,,,,,,,,,,,,,,,,
RADCURE-0906,,,,,,,,,,,,,,,,,,,,,,,
RADCURE-0907,,,,,,,,,,,,,,,,,,,,,,,
RADCURE-0913,,,,,,,,,,,,,,,,,,,,,,,
RADCURE-0918,,,,,,,,,,,,,,,,,,,,,,,
RADCURE-0922,,,,,,,,,,,,,,,,,,,,,,,
RADCURE-0931,,,,,,,,,,,,,,,,,,,,,,,
RADCURE-0934,,,,,,,,,,,,,,,,,,,,,,,
RADCURE-0935,,,,,,,,,,,,,,,,,,,,,,,
RADCURE-0937,,,,,,,,,,,,,,,,,,,,,,,
RADCURE-0939,,,,,,,,,,,,,,,,,,,,,,,
RADCURE-0947,,,,,,,,,,,,,,,,,,,,,,,
RADCURE-0951,,,,,,,,,,,,,,,,,,,,,,,
RADCURE-0956,,,,,,,,,,,,,,,,,,,,,,,
RADCURE-0962,,,,,,,,,,,,,,,,,,,,,,,
RADCURE-0963,,,,,,,,,,,,,,,,,,,,,,,
RADCURE-0964,,,,,,,,,,,,,,,,,,,,,,,
RADCURE-0976,,,,,,,,,,,,,,,,,,,,,,,
RADCURE-0977,,,,,,,,,,,,,,,,,,,,,,,
RADCURE-0978,,,,,,,,,,,,,,,,,,,,,,,
RADCURE-0980,,,,,,,,,,,,,,,,,,,,,,,
RADCURE-0981,,,,,,,,,,,,,,,,,,,,,,,
RADCURE-0984,,,,,,,,,,,,,,,,,,,,,,,
RADCURE-0987,,,,,,,,,,,,,,,,,,,,,,,
RADCURE-0992,,,,,,,,,,,,,,,,,,,,,,,
RADCURE-0994,,,,,,,,,,,,,,,,,,,,,,,
RADCURE-0996,,,,,,,,,,,,,,,,,,,,,,,
RADCURE-0999,,,,,,,,,,,,,,,,,,,,,,,
RADCURE-1001,,,,,,,,,,,,,,,,,,,,,,,
RADCURE-1003,,,,,,,,,,,,,,,,,,,,,,,
RADCURE-1005,,,,,,,,,,,,,,,,,,,,,,,
RADCURE-1007,,,,,,,,,,,,,,,,,,,,,,,
RADCURE-1009,,,,,,,,,,,,,,,,,,,,,,,
RADCURE-1012,,,,,,,,,,,,,,,,,,,,,,,
RADCURE-1024,,,,,,,,,,,,,,,,,,,,,,,
RADCURE-1039,,,,,,,,,,,,,,,,,,,,,,,
RADCURE-1045,,,,,,,,,,,,,,,,,,,,,,,
RADCURE-1055,,,,,,,,,,,,,,,,,,,,,,,
RADCURE-1057,,,,,,,,,,,,,,,,,,,,,,,
RADCURE-1063,,,,,,,,,,,,,,,,,,,,,,,
RADCURE-1064,,,,,,,,,,,,,,,,,,,,,,,
RADCURE-1067,,,,,,,,,,,,,,,,,,,,,,,
RADCURE-1074,,,,,,,,,,,,,,,,,,,,,,,
RADCURE-1079,,,,,,,,,,,,,,,,,,,,,,,
RADCURE-1089,,,,,,,,,,,,,,,,,,,,,,,
RADCURE-1118,,,,,,,,,,,,,,,,,,,,,,,
RADCURE-1184,,,,,,,,,,,,,,,,,,,,,,,
RADCURE-1189,,,,,,,,,,,,,,,,,,,,,,,
RADCURE-1191,,,,,,,,,,,,,,,,,,,,,,,
RADCURE-1253,,,,,,,,,,,,,,,,,,,,,,,
RADCURE-1261,,,,,,,,,,,,,,,,,,,,,,,
RADCURE-1268,,,,,,,,,,,,,,,,,,,,,,,
RADCURE-1334,,,,,,,,,,,,,,,,,,,,,,,
RADCURE-1336,,,,,,,,,,,,,,,,,,,,,,,
RADCURE-1353,,,,,,,,,,,,,,,,,,,,,,,
RADCURE-1355,,,,,,,,,,,,,,,,,,,,,,,
RADCURE-1365,,,,,,,,,,,,,,,,,,,,,,,
RADCURE-1372,,,,,,,,,,,,,,,,,,,,,,,
RADCURE-1395,,,,,,,,,,,,,,,,,,,,,,,
RADCURE-1410,,,,,,,,,,,,,,,,,,,,,,,
RADCURE-1418,,,,,,,,,,,,,,,,,,,,,,,
RADCURE-1424,,,,,,,,,,,,,,,,,,,,,,,
RADCURE-1460,,,,,,,,,,,,,,,,,,,,,,,
RADCURE-1467,,,,,,,,,,,,,,,,,,,,,,,
RADCURE-1471,,,,,,,,,,,,,,,,,,,,,,,
RADCURE-1478,,,,,,,,,,,,,,,,,,,,,,,
RADCURE-1482,,,,,,,,,,,,,,,,,,,,,,,
RADCURE-1485,,,,,,,,,,,,,,,,,,,,,,,
RADCURE-1489,,,,,,,,,,,,,,,,,,,,,,,
RADCURE-1499,,,,,,,,,,,,,,,,,,,,,,,
RADCURE-1516,,,,,,,,,,,,,,,,,,,,,,,
RADCURE-1523,,,,,,,,,,,,,,,,,,,,,,,
RADCURE-1534,,,,,,,,,,,,,,,,,,,,,,,
RADCURE-1535,,,,,,,,,,,,,,,,,,,,,,,
RADCURE-1547,,,,,,,,,,,,,,,,,,,,,,,
RADCURE-1550,,,,,,,,,,,,,,,,,,,,,,,
RADCURE-1606,,,,,,,,,,,,,,,,,,,,,,,
RADCURE-1618,,,,,,,,,,,,,,,,,,,,,,,
RADCURE-1621,,,,,,,,,,,,,,,,,,,,,,,
RADCURE-1625,,,,,,,,,,,,,,,,,,,,,,,
RADCURE-1639,,,,,,,,,,,,,,,,,,,,,,,
RADCURE-1721,,,,,,,,,,,,,,,,,,,,,,,
RADCURE-1726,,,,,,,,,,,,,,,,,,,,,,,
RADCURE-1746,,,,,,,,,,,,,,,,,,,,,,,
RADCURE-1747,,,,,,,,,,,,,,,,,,,,,,,
RADCURE-1753,,,,,,,,,,,,,,,,,,,,,,,
RADCURE-1757,,,,,,,,,,,,,,,,,,,,,,,
RADCURE-1809,,,,,,,,,,,,,,,,,,,,,,,
RADCURE-1811,,,,,,,,,,,,,,,,,,,,,,,
RADCURE-1823,,,,,,,,,,,,,,,,,,,,,,,
RADCURE-1899,,,,,,,,,,,,,,,,,,,,,,,
RADCURE-1900,,,,,,,,,,,,,,,,,,,,,,,
RADCURE-1913,,,,,,,,,,,,,,,,,,,,,,,
RADCURE-1929,,,,,,,,,,,,,,,,,,,,,,,
RADCURE-1932,,,,,,,,,,,,,,,,,,,,,,,
RADCURE-1942,,,,,,,,,,,,,,,,,,,,,,,
RADCURE-1960,,,,,,,,,,,,,,,,,,,,,,,
RADCURE-1979,,,,,,,,,,,,,,,,,,,,,,,
RADCURE-1986,,,,,,,,,,,,,,,,,,,,,,,
RADCURE-2014,,,,,,,,,,,,,,,,,,,,,,,
RADCURE-2048,,,,,,,,,,,,,,,,,,,,,,,
RADCURE-2055,,,,,,,,,,,,,,,,,,,,,,,
RADCURE-2067,,,,,,,,,,,,,,,,,,,,,,,
RADCURE-2082,,,,,,,,,,,,,,,,,,,,,,,
RADCURE-2091,,,,,,,,,,,,,,,,,,,,,,,
RADCURE-2092,,,,,,,,,,,,,,,,,,,,,,,
RADCURE-2093,,,,,,,,,,,,,,,,,,,,,,,
RADCURE-2097,,,,,,,,,,,,,,,,,,,,,,,
RADCURE-2100,,,,,,,,,,,,,,,,,,,,,,,
RADCURE-2104,,,,,,,,,,,,,,,,,,,,,,,
RADCURE-2106,,,,,,,,,,,,,,,,,,,,,,,
RADCURE-2115,,,,,,,,,,,,,,,,,,,,,,,
RADCURE-2123,,,,,,,,,,,,,,,,,,,,,,,
RADCURE-2133,,,,,,,,,,,,,,,,,,,,,,,
RADCURE-2135,,,,,,,,,,,,,,,,,,,,,,,
RADCURE-2142,,,,,,,,,,,,,,,,,,,,,,,
RADCURE-2143,,,,,,,,,,,,,,,,,,,,,,,
RADCURE-2152,,,,,,,,,,,,,,,,,,,,,,,
RADCURE-2154,,,,,,,,,,,,,,,,,,,,,,,
RADCURE-2157,,,,,,,,,,,,,,,,,,,,,,,
RADCURE-2159,,,,,,,,,,,,,,,,,,,,,,,
RADCURE-2169,,,,,,,,,,,,,,,,,,,,,,,
RADCURE-2170,,,,,,,,,,,,,,,,,,,,,,,
RADCURE-2175,,,,,,,,,,,,,,,,,,,,,,,
RADCURE-2176,,,,,,,,,,,,,,,,,,,,,,,
RADCURE-2185,,,,,,,,,,,,,,,,,,,,,,,
RADCURE-2190,,,,,,,,,,,,,,,,,,,,,,,
RADCURE-2194,,,,,,,,,,,,,,,,,,,,,,,
RADCURE-2195,,,,,,,,,,,,,,,,,,,,,,,
RADCURE-2223,,,,,,,,,,,,,,,,,,,,,,,
RADCURE-2225,,,,,,,,,,,,,,,,,,,,,,,
RADCURE-2234,,,,,,,,,,,,,,,,,,,,,,,
RADCURE-2235,,,,,,,,,,,,,,,,,,,,,,,
RADCURE-2242,,,,,,,,,,,,,,,,,,,,,,,
RADCURE-2251,,,,,,,,,,,,,,,,,,,,,,,
RADCURE-2252,,,,,,,,,,,,,,,,,,,,,,,
RADCURE-2256,,,,,,,,,,,,,,,,,,,,,,,
RADCURE-2262,,,,,,,,,,,,,,,,,,,,,,,
RADCURE-2265,,,,,,,,,,,,,,,,,,,,,,,
RADCURE-2279,,,,,,,,,,,,,,,,,,,,,,,
RADCURE-2300,,,,,,,,,,,,,,,,,,,,,,,
RADCURE-2305,,,,,,,,,,,,,,,,,,,,,,,
RADCURE-2315,,,,,,,,,,,,,,,,,,,,,,,
RADCURE-2320,,,,,,,,,,,,,,,,,,,,,,,
RADCURE-2325,,,,,,,,,,,,,,,,,,,,,,,
RADCURE-2326,,,,,,,,,,,,,,,,,,,,,,,
RADCURE-2331,,,,,,,,,,,,,,,,,,,,,,,
RADCURE-2332,,,,,,,,,,,,,,,,,,,,,,,
RADCURE-2333,,,,,,,,,,,,,,,,,,,,,,,
RADCURE-2340,,,,,,,,,,,,,,,,,,,,,,,
RADCURE-2342,,,,,,,,,,,,,,,,,,,,,,,
RADCURE-2343,,,,,,,,,,,,,,,,,,,,,,,
RADCURE-2344,,,,,,,,,,,,,,,,,,,,,,,
RADCURE-2348,,,,,,,,,,,,,,,,,,,,,,,
RADCURE-2353,,,,,,,,,,,,,,,,,,,,,,,
RADCURE-2354,,,,,,,,,,,,,,,,,,,,,,,
RADCURE-2358,,,,,,,,,,,,,,,,,,,,,,,
RADCURE-2360,,,,,,,,,,,,,,,,,,,,,,,
RADCURE-2362,,,,,,,,,,,,,,,,,,,,,,,
RADCURE-2366,,,,,,,,,,,,,,,,,,,,,,,
RADCURE-2368,,,,,,,,,,,,,,,,,,,,,,,
RADCURE-2369,,,,,,,,,,,,,,,,,,,,,,,
RADCURE-2370,,,,,,,,,,,,,,,,,,,,,,,
RADCURE-2371,,,,,,,,,,,,,,,,,,,,,,,
RADCURE-2374,,,,,,,,,,,,,,,,,,,,,,,
RADCURE-2375,,,,,,,,,,,,,,,,,,,,,,,
RADCURE-2377,,,,,,,,,,,,,,,,,,,,,,,
RADCURE-2378,,,,,,,,,,,,,,,,,,,,,,,
RADCURE-2379,,,,,,,,,,,,,,,,,,,,,,,
RADCURE-2380,,,,,,,,,,,,,,,,,,,,,,,
RADCURE-2382,,,,,,,,,,,,,,,,,,,,,,,
RADCURE-2383,,,,,,,,,,,,,,,,,,,,,,,
RADCURE-2384,,,,,,,,,,,,,,,,,,,,,,,
RADCURE-2385,,,,,,,,,,,,,,,,,,,,,,,
RADCURE-2386,,,,,,,,,,,,,,,,,,,,,,,
RADCURE-2389,,,,,,,,,,,,,,,,,,,,,,,
RADCURE-2390,,,,,,,,,,,,,,,,,,,,,,,
RADCURE-2391,,,,,,,,,,,,,,,,,,,,,,,
RADCURE-2392,,,,,,,,,,,,,,,,,,,,,,,
RADCURE-2393,,,,,,,,,,,,,,,,,,,,,,,
RADCURE-2394,,,,,,,,,,,,,,,,,,,,,,,
RADCURE-2395,,,,,,,,,,,,,,,,,,,,,,,
RADCURE-2397,,,,,,,,,,,,,,,,,,,,,,,
RADCURE-2399,,,,,,,,,,,,,,,,,,,,,,,
RADCURE-2400,,,,,,,,,,,,,,,,,,,,,,,
RADCURE-2401,,,,,,,,,,,,,,,,,,,,,,,
RADCURE-2402,,,,,,,,,,,,,,,,,,,,,,,
RADCURE-2403,,,,,,,,,,,,,,,,,,,,,,,
RADCURE-2404,,,,,,,,,,,,,,,,,,,,,,,
RADCURE-2405,,,,,,,,,,,,,,,,,,,,,,,
RADCURE-2406,,,,,,,,,,,,,,,,,,,,,,,
RADCURE-2407,,,,,,,,,,,,,,,,,,,,,,,
RADCURE-2408,,,,,,,,,,,,,,,,,,,,,,,
RADCURE-2412,,,,,,,,,,,,,,,,,,,,,,,
RADCURE-2414,,,,,,,,,,,,,,,,,,,,,,,
RADCURE-2415,,,,,,,,,,,,,,,,,,,,,,,
RADCURE-2416,,,,,,,,,,,,,,,,,,,,,,,
RADCURE-2417,,,,,,,,,,,,,,,,,,,,,,,
RADCURE-2418,,,,,,,,,,,,,,,,,,,,,,,
RADCURE-2419,,,,,,,,,,,,,,,,,,,,,,,
RADCURE-2423,,,,,,,,,,,,,,,,,,,,,,,
RADCURE-2425,,,,,,,,,,,,,,,,,,,,,,,
RADCURE-2426,,,,,,,,,,,,,,,,,,,,,,,
RADCURE-2427,,,,,,,,,,,,,,,,,,,,,,,
RADCURE-2431,,,,,,,,,,,,,,,,,,,,,,,
RADCURE-2434,,,,,,,,,,,,,,,,,,,,,,,
RADCURE-2435,,,,,,,,,,,,,,,,,,,,,,,
RADCURE-2436,,,,,,,,,,,,,,,,,,,,,,,
RADCURE-2437,,,,,,,,,,,,,,,,,,,,,,,
RADCURE-2438,,,,,,,,,,,,,,,,,,,,,,,
RADCURE-2441,,,,,,,,,,,,,,,,,,,,,,,
RADCURE-2443,,,,,,,,,,,,,,,,,,,,,,,
RADCURE-2444,,,,,,,,,,,,,,,,,,,,,,,
RADCURE-2445,,,,,,,,,,,,,,,,,,,,,,,
RADCURE-2446,,,,,,,,,,,,,,,,,,,,,,,
RADCURE-2447,,,,,,,,,,,,,,,,,,,,,,,
RADCURE-2448,,,,,,,,,,,,,,,,,,,,,,,
RADCURE-2449,,,,,,,,,,,,,,,,,,,,,,,
RADCURE-2450,,,,,,,,,,,,,,,,,,,,,,,
RADCURE-2452,,,,,,,,,,,,,,,,,,,,,,,
RADCURE-2453,,,,,,,,,,,,,,,,,,,,,,,
RADCURE-2454,,,,,,,,,,,,,,,,,,,,,,,
RADCURE-2455,,,,,,,,,,,,,,,,,,,,,,,
RADCURE-2456,,,,,,,,,,,,,,,,,,,,,,,
RADCURE-2458,,,,,,,,,,,,,,,,,,,,,,,
RADCURE-2463,,,,,,,,,,,,,,,,,,,,,,,
RADCURE-2464,,,,,,,,,,,,,,,,,,,,,,,
RADCURE-2465,,,,,,,,,,,,,,,,,,,,,,,
RADCURE-2467,,,,,,,,,,,,,,,,,,,,,,,
RADCURE-2468,,,,,,,,,,,,,,,,,,,,,,,
RADCURE-2469,,,,,,,,,,,,,,,,,,,,,,,
RADCURE-2470,,,,,,,,,,,,,,,,,,,,,,,
RADCURE-2471,,,,,,,,,,,,,,,,,,,,,,,
RADCURE-2474,,,,,,,,,,,,,,,,,,,,,,,
RADCURE-2476,,,,,,,,,,,,,,,,,,,,,,,
RADCURE-2477,,,,,,,,,,,,,,,,,,,,,,,
RADCURE-2478,,,,,,,,,,,,,,,,,,,,,,,
RADCURE-2480,,,,,,,,,,,,,,,,,,,,,,,
RADCURE-2481,,,,,,,,,,,,,,,,,,,,,,,
RADCURE-2482,,,,,,,,,,,,,,,,,,,,,,,
RADCURE-2483,,,,,,,,,,,,,,,,,,,,,,,
RADCURE-2485,,,,,,,,,,,,,,,,,,,,,,,
RADCURE-2486,,,,,,,,,,,,,,,,,,,,,,,
RADCURE-2488,,,,,,,,,,,,,,,,,,,,,,,
RADCURE-2490,,,,,,,,,,,,,,,,,,,,,,,
RADCURE-2493,,,,,,,,,,,,,,,,,,,,,,,
RADCURE-2494,,,,,,,,,,,,,,,,,,,,,,,
RADCURE-2497,,,,,,,,,,,,,,,,,,,,,,,
RADCURE-2498,,,,,,,,,,,,,,,,,,,,,,,
RADCURE-2501,,,,,,,,,,,,,,,,,,,,,,,
RADCURE-2502,,,,,,,,,,,,,,,,,,,,,,,
RADCURE-2507,,,,,,,,,,,,,,,,,,,,,,,
RADCURE-2508,,,,,,,,,,,,,,,,,,,,,,,
RADCURE-2513,,,,,,,,,,,,,,,,,,,,,,,
RADCURE-2514,,,,,,,,,,,,,,,,,,,,,,,
RADCURE-2517,,,,,,,,,,,,,,,,,,,,,,,
RADCURE-2519,,,,,,,,,,,,,,,,,,,,,,,
RADCURE-2520,,,,,,,,,,,,,,,,,,,,,,,
RADCURE-2521,,,,,,,,,,,,,,,,,,,,,,,
RADCURE-2522,,,,,,,,,,,,,,,,,,,,,,,
RADCURE-2527,,,,,,,,,,,,,,,,,,,,,,,
RADCURE-2528,,,,,,,,,,,,,,,,,,,,,,,
RADCURE-2529,,,,,,,,,,,,,,,,,,,,,,,
RADCURE-2530,,,,,,,,,,,,,,,,,,,,,,,
RADCURE-2531,,,,,,,,,,,,,,,,,,,,,,,
RADCURE-2532,,,,,,,,,,,,,,,,,,,,,,,
RADCURE-2534,,,,,,,,,,,,,,,,,,,,,,,
RADCURE-2535,,,,,,,,,,,,,,,,,,,,,,,
RADCURE-2536,,,,,,,,,,,,,,,,,,,,,,,
RADCURE-2539,,,,,,,,,,,,,,,,,,,,,,,
RADCURE-2540,,,,,,,,,,,,,,,,,,,,,,,
RADCURE-2541,,,,,,,,,,,,,,,,,,,,,,,
RADCURE-2542,,,,,,,,,,,,,,,,,,,,,,,
RADCURE-2545,,,,,,,,,,,,,,,,,,,,,,,
RADCURE-2546,,,,,,,,,,,,,,,,,,,,,,,
RADCURE-2547,,,,,,,,,,,,,,,,,,,,,,,
RADCURE-2550,,,,,,,,,,,,,,,,,,,,,,,
RADCURE-2552,,,,,,,,,,,,,,,,,,,,,,,
RADCURE-2553,,,,,,,,,,,,,,,,,,,,,,,
RADCURE-2554,,,,,,,,,,,,,,,,,,,,,,,
RADCURE-2556,,,,,,,,,,,,,,,,,,,,,,,
RADCURE-2557,,,,,,,,,,,,,,,,,,,,,,,
RADCURE-2559,,,,,,,,,,,,,,,,,,,,,,,
RADCURE-2560,,,,,,,,,,,,,,,,,,,,,,,
RADCURE-2561,,,,,,,,,,,,,,,,,,,,,,,
RADCURE-2563,,,,,,,,,,,,,,,,,,,,,,,
RADCURE-2564,,,,,,,,,,,,,,,,,,,,,,,
RADCURE-2566,,,,,,,,,,,,,,,,,,,,,,,
RADCURE-2567,,,,,,,,,,,,,,,,,,,,,,,
RADCURE-2568,,,,,,,,,,,,,,,,,,,,,,,
RADCURE-2569,,,,,,,,,,,,,,,,,,,,,,,
RADCURE-2570,,,,,,,,,,,,,,,,,,,,,,,
RADCURE-2573,,,,,,,,,,,,,,,,,,,,,,,
RADCURE-2574,,,,,,,,,,,,,,,,,,,,,,,
RADCURE-2575,,,,,,,,,,,,,,,,,,,,,,,
RADCURE-2576,,,,,,,,,,,,,,,,,,,,,,,
RADCURE-2577,,,,,,,,,,,,,,,,,,,,,,,
RADCURE-2579,,,,,,,,,,,,,,,,,,,,,,,
RADCURE-2580,,,,,,,,,,,,,,,,,,,,,,,
RADCURE-2582,,,,,,,,,,,,,,,,,,,,,,,
RADCURE-2585,,,,,,,,,,,,,,,,,,,,,,,
RADCURE-2586,,,,,,,,,,,,,,,,,,,,,,,
RADCURE-2587,,,,,,,,,,,,,,,,,,,,,,,
RADCURE-2590,,,,,,,,,,,,,,,,,,,,,,,
RADCURE-2591,,,,,,,,,,,,,,,,,,,,,,,
RADCURE-2592,,,,,,,,,,,,,,,,,,,,,,,
RADCURE-2593,,,,,,,,,,,,,,,,,,,,,,,
RADCURE-2595,,,,,,,,,,,,,,,,,,,,,,,
RADCURE-2596,,,,,,,,,,,,,,,,,,,,,,,
RADCURE-2597,,,,,,,,,,,,,,,,,,,,,,,
RADCURE-2598,,,,,,,,,,,,,,,,,,,,,,,
RADCURE-2599,,,,,,,,,,,,,,,,,,,,,,,
RADCURE-2600,,,,,,,,,,,,,,,,,,,,,,,
RADCURE-2602,,,,,,,,,,,,,,,,,,,,,,,
RADCURE-2603,,,,,,,,,,,,,,,,,,,,,,,
RADCURE-2604,,,,,,,,,,,,,,,,,,,,,,,
RADCURE-2605,,,,,,,,,,,,,,,,,,,,,,,
RADCURE-2606,,,,,,,,,,,,,,,,,,,,,,,
RADCURE-2607,,,,,,,,,,,,,,,,,,,,,,,
RADCURE-2609,,,,,,,,,,,,,,,,,,,,,,,
RADCURE-2610,,,,,,,,,,,,,,,,,,,,,,,
RADCURE-2612,,,,,,,,,,,,,,,,,,,,,,,
RADCURE-2613,,,,,,,,,,,,,,,,,,,,,,,
RADCURE-2614,,,,,,,,,,,,,,,,,,,,,,,
RADCURE-2615,,,,,,,,,,,,,,,,,,,,,,,
RADCURE-2616,,,,,,,,,,,,,,,,,,,,,,,
RADCURE-2617,,,,,,,,,,,,,,,,,,,,,,,
RADCURE-2618,,,,,,,,,,,,,,,,,,,,,,,
RADCURE-2624,,,,,,,,,,,,,,,,,,,,,,,
RADCURE-2625,,,,,,,,,,,,,,,,,,,,,,,
RADCURE-2627,,,,,,,,,,,,,,,,,,,,,,,
RADCURE-2628,,,,,,,,,,,,,,,,,,,,,,,
RADCURE-2629,,,,,,,,,,,,,,,,,,,,,,,
RADCURE-2630,,,,,,,,,,,,,,,,,,,,,,,
RADCURE-2631,,,,,,,,,,,,,,,,,,,,,,,
RADCURE-2632,,,,,,,,,,,,,,,,,,,,,,,
RADCURE-2633,,,,,,,,,,,,,,,,,,,,,,,
RADCURE-2636,,,,,,,,,,,,,,,,,,,,,,,
RADCURE-2638,,,,,,,,,,,,,,,,,,,,,,,
RADCURE-2639,,,,,,,,,,,,,,,,,,,,,,,
RADCURE-2640,,,,,,,,,,,,,,,,,,,,,,,
RADCURE-2643,,,,,,,,,,,,,,,,,,,,,,,
RADCURE-2644,,,,,,,,,,,,,,,,,,,,,,,
RADCURE-2645,,,,,,,,,,,,,,,,,,,,,,,
RADCURE-2646,,,,,,,,,,,,,,,,,,,,,,,
RADCURE-2648,,,,,,,,,,,,,,,,,,,,,,,
RADCURE-2649,,,,,,,,,,,,,,,,,,,,,,,
RADCURE-2650,,,,,,,,,,,,,,,,,,,,,,,
RADCURE-2653,,,,,,,,,,,,,,,,,,,,,,,
RADCURE-2654,,,,,,,,,,,,,,,,,,,,,,,
RADCURE-2655,,,,,,,,,,,,,,,,,,,,,,,
RADCURE-2656,,,,,,,,,,,,,,,,,,,,,,,
RADCURE-2657,,,,,,,,,,,,,,,,,,,,,,,
RADCURE-2659,,,,,,,,,,,,,,,,,,,,,,,
RADCURE-2661,,,,,,,,,,,,,,,,,,,,,,,
RADCURE-2664,,,,,,,,,,,,,,,,,,,,,,,
RADCURE-2665,,,,,,,,,,,,,,,,,,,,,,,
RADCURE-2666,,,,,,,,,,,,,,,,,,,,,,,
RADCURE-2667,,,,,,,,,,,,,,,,,,,,,,,
RADCURE-2668,,,,,,,,,,,,,,,,,,,,,,,
RADCURE-2669,,,,,,,,,,,,,,,,,,,,,,,
RADCURE-2670,,,,,,,,,,,,,,,,,,,,,,,
RADCURE-2671,,,,,,,,,,,,,,,,,,,,,,,
RADCURE-2672,,,,,,,,,,,,,,,,,,,,,,,
RADCURE-2678,,,,,,,,,,,,,,,,,,,,,,,
RADCURE-2679,,,,,,,,,,,,,,,,,,,,,,,
RADCURE-2680,,,,,,,,,,,,,,,,,,,,,,,
RADCURE-2681,,,,,,,,,,,,,,,,,,,,,,,
RADCURE-2682,,,,,,,,,,,,,,,,,,,,,,,
RADCURE-2683,,,,,,,,,,,,,,,,,,,,,,,
RADCURE-2684,,,,,,,,,,,,,,,,,,,,,,,
RADCURE-2688,,,,,,,,,,,,,,,,,,,,,,,
RADCURE-2689,,,,,,,,,,,,,,,,,,,,,,,
RADCURE-2690,,,,,,,,,,,,,,,,,,,,,,,
RADCURE-2692,,,,,,,,,,,,,,,,,,,,,,,
RADCURE-2693,,,,,,,,,,,,,,,,,,,,,,,
RADCURE-2696,,,,,,,,,,,,,,,,,,,,,,,
RADCURE-2697,,,,,,,,,,,,,,,,,,,,,,,
RADCURE-2702,,,,,,,,,,,,,,,,,,,,,,,
RADCURE-2707,,,,,,,,,,,,,,,,,,,,,,,
RADCURE-2708,,,,,,,,,,,,,,,,,,,,,,,
RADCURE-2709,,,,,,,,,,,,,,,,,,,,,,,
RADCURE-2710,,,,,,,,,,,,,,,,,,,,,,,
RADCURE-2714,,,,,,,,,,,,,,,,,,,,,,,
RADCURE-2718,,,,,,,,,,,,,,,,,,,,,,,
RADCURE-2719,,,,,,,,,,,,,,,,,,,,,,,
RADCURE-2720,,,,,,,,,,,,,,,,,,,,,,,
RADCURE-2721,,,,,,,,,,,,,,,,,,,,,,,
RADCURE-2726,,,,,,,,,,,,,,,,,,,,,,,
RADCURE-2727,,,,,,,,,,,,,,,,,,,,,,,
RADCURE-2730,,,,,,,,,,,,,,,,,,,,,,,
RADCURE-2731,,,,,,,,,,,,,,,,,,,,,,,
RADCURE-2732,,,,,,,,,,,,,,,,,,,,,,,
RADCURE-2734,,,,,,,,,,,,,,,,,,,,,,,
RADCURE-2735,,,,,,,,,,,,,,,,,,,,,,,
RADCURE-2737,,,,,,,,,,,,,,,,,,,,,,,
RADCURE-2739,,,,,,,,,,,,,,,,,,,,,,,
RADCURE-2740,,,,,,,,,,,,,,,,,,,,,,,
RADCURE-2741,,,,,,,,,,,,,,,,,,,,,,,
RADCURE-2742,,,,,,,,,,,,,,,,,,,,,,,
RADCURE-2744,,,,,,,,,,,,,,,,,,,,,,,
RADCURE-2745,,,,,,,,,,,,,,,,,,,,,,,
RADCURE-2746,,,,,,,,,,,,,,,,,,,,,,,
RADCURE-2747,,,,,,,,,,,,,,,,,,,,,,,
RADCURE-2748,,,,,,,,,,,,,,,,,,,,,,,
RADCURE-2750,,,,,,,,,,,,,,,,,,,,,,,
RADCURE-2752,,,,,,,,,,,,,,,,,,,,,,,
RADCURE-2755,,,,,,,,,,,,,,,,,,,,,,,
RADCURE-2757,,,,,,,,,,,,,,,,,,,,,,,
RADCURE-2758,,,,,,,,,,,,,,,,,,,,,,,
RADCURE-2759,,,,,,,,,,,,,,,,,,,,,,,
RADCURE-2760,,,,,,,,,,,,,,,,,,,,,,,
RADCURE-2761,,,,,,,,,,,,,,,,,,,,,,,
RADCURE-2762,,,,,,,,,,,,,,,,,,,,,,,
RADCURE-2763,,,,,,,,,,,,,,,,,,,,,,,
RADCURE-2764,,,,,,,,,,,,,,,,,,,,,,,
RADCURE-2765,,,,,,,,,,,,,,,,,,,,,,,
RADCURE-2766,,,,,,,,,,,,,,,,,,,,,,,
RADCURE-2767,,,,,,,,,,,,,,,,,,,,,,,
RADCURE-2768,,,,,,,,,,,,,,,,,,,,,,,
RADCURE-2769,,,,,,,,,,,,,,,,,,,,,,,
RADCURE-2771,,,,,,,,,,,,,,,,,,,,,,,
RADCURE-2772,,,,,,,,,,,,,,,,,,,,,,,
RADCURE-2776,,,,,,,,,,,,,,,,,,,,,,,
RADCURE-2777,,,,,,,,,,,,,,,,,,,,,,,
RADCURE-2779,,,,,,,,,,,,,,,,,,,,,,,
RADCURE-2782,,,,,,,,,,,,,,,,,,,,,,,
RADCURE-2783,,,,,,,,,,,,,,,,,,,,,,,
RADCURE-2784,,,,,,,,,,,,,,,,,,,,,,,
RADCURE-2785,,,,,,,,,,,,,,,,,,,,,,,
RADCURE-2786,,,,,,,,,,,,,,,,,,,,,,,
RADCURE-2788,,,,,,,,,,,,,,,,,,,,,,,
RADCURE-2791,,,,,,,,,,,,,,,,,,,,,,,
RADCURE-2794,,,,,,,,,,,,,,,,,,,,,,,
RADCURE-2795,,,,,,,,,,,,,,,,,,,,,,,
RADCURE-2797,,,,,,,,,,,,,,,,,,,,,,,
RADCURE-2798,,,,,,,,,,,,,,,,,,,,,,,
RADCURE-2799,,,,,,,,,,,,,,,,,,,,,,,
RADCURE-2800,,,,,,,,,,,,,,,,,,,,,,,
RADCURE-2801,,,,,,,,,,,,,,,,,,,,,,,
RADCURE-2802,,,,,,,,,,,,,,,,,,,,,,,
RADCURE-2803,,,,,,,,,,,,,,,,,,,,,,,
RADCURE-2804,,,,,,,,,,,,,,,,,,,,,,,
RADCURE-2805,,,,,,,,,,,,,,,,,,,,,,,
RADCURE-2806,,,,,,,,,,,,,,,,,,,,,,,
RADCURE-2808,,,,,,,,,,,,,,,,,,,,,,,
RADCURE-2810,,,,,,,,,,,,,,,,,,,,,,,
RADCURE-2811,,,,,,,,,,,,,,,,,,,,,,,
RADCURE-2812,,,,,,,,,,,,,,,,,,,,,,,
RADCURE-2813,,,,,,,,,,,,,,,,,,,,,,,
RADCURE-2816,,,,,,,,,,,,,,,,,,,,,,,
RADCURE-2817,,,,,,,,,,,,,,,,,,,,,,,
RADCURE-2818,,,,,,,,,,,,,,,,,,,,,,,
RADCURE-2819,,,,,,,,,,,,,,,,,,,,,,,
RADCURE-2820,,,,,,,,,,,,,,,,,,,,,,,
RADCURE-2822,,,,,,,,,,,,,,,,,,,,,,,
RADCURE-2823,,,,,,,,,,,,,,,,,,,,,,,
RADCURE-2824,,,,,,,,,,,,,,,,,,,,,,,
RADCURE-2826,,,,,,,,,,,,,,,,,,,,,,,
RADCURE-2827,,,,,,,,,,,,,,,,,,,,,,,
RADCURE-2828,,,,,,,,,,,,,,,,,,,,,,,
RADCURE-2829,,,,,,,,,,,,,,,,,,,,,,,
RADCURE-2831,,,,,,,,,,,,,,,,,,,,,,,
RADCURE-2832,,,,,,,,,,,,,,,,,,,,,,,
RADCURE-2833,,,,,,,,,,,,,,,,,,,,,,,
RADCURE-2834,,,,,,,,,,,,,,,,,,,,,,,
RADCURE-2835,,,,,,,,,,,,,,,,,,,,,,,
RADCURE-2836,,,,,,,,,,,,,,,,,,,,,,,
RADCURE-2837,,,,,,,,,,,,,,,,,,,,,,,
RADCURE-2838,,,,,,,,,,,,,,,,,,,,,,,
RADCURE-2839,,,,,,,,,,,,,,,,,,,,,,,
RADCURE-2840,,,,,,,,,,,,,,,,,,,,,,,
RADCURE-2842,,,,,,,,,,,,,,,,,,,,,,,
RADCURE-2844,,,,,,,,,,,,,,,,,,,,,,,
RADCURE-2846,,,,,,,,,,,,,,,,,,,,,,,
RADCURE-2847,,,,,,,,,,,,,,,,,,,,,,,
RADCURE-2848,,,,,,,,,,,,,,,,,,,,,,,
RADCURE-2849,,,,,,,,,,,,,,,,,,,,,,,
RADCURE-2853,,,,,,,,,,,,,,,,,,,,,,,
RADCURE-2856,,,,,,,,,,,,,,,,,,,,,,,
RADCURE-2857,,,,,,,,,,,,,,,,,,,,,,,
RADCURE-2859,,,,,,,,,,,,,,,,,,,,,,,
RADCURE-2861,,,,,,,,,,,,,,,,,,,,,,,
RADCURE-2862,,,,,,,,,,,,,,,,,,,,,,,
RADCURE-2864,,,,,,,,,,,,,,,,,,,,,,,
RADCURE-2866,,,,,,,,,,,,,,,,,,,,,,,
RADCURE-2867,,,,,,,,,,,,,,,,,,,,,,,
RADCURE-2868,,,,,,,,,,,,,,,,,,,,,,,
RADCURE-2870,,,,,,,,,,,,,,,,,,,,,,,
RADCURE-2871,,,,,,,,,,,,,,,,,,,,,,,
RADCURE-2872,,,,,,,,,,,,,,,,,,,,,,,
RADCURE-2873,,,,,,,,,,,,,,,,,,,,,,,
RADCURE-2876,,,,,,,,,,,,,,,,,,,,,,,
RADCURE-2879,,,,,,,,,,,,,,,,,,,,,,,
RADCURE-2880,,,,,,,,,,,,,,,,,,,,,,,
RADCURE-2882,,,,,,,,,,,,,,,,,,,,,,,
RADCURE-2883,,,,,,,,,,,,,,,,,,,,,,,
RADCURE-2884,,,,,,,,,,,,,,,,,,,,,,,
RADCURE-2886,,,,,,,,,,,,,,,,,,,,,,,
RADCURE-2889,,,,,,,,,,,,,,,,,,,,,,,
RADCURE-2890,,,,,,,,,,,,,,,,,,,,,,,
RADCURE-2891,,,,,,,,,,,,,,,,,,,,,,,
RADCURE-2892,,,,,,,,,,,,,,,,,,,,,,,
RADCURE-2893,,,,,,,,,,,,,,,,,,,,,,,
RADCURE-2894,,,,,,,,,,,,,,,,,,,,,,,
RADCURE-2898,,,,,,,,,,,,,,,,,,,,,,,
RADCURE-2899,,,,,,,,,,,,,,,,,,,,,,,
RADCURE-2900,,,,,,,,,,,,,,,,,,,,,,,
RADCURE-2901,,,,,,,,,,,,,,,,,,,,,,,
RADCURE-2932,,,,,,,,,,,,,,,,,,,,,,,
RADCURE-3002,,,,,,,,,,,,,,,,,,,,,,,
RADCURE-4048,,,,,,,,,,,,,,,,,,,,,,,
RADCURE-3030,,,,,,,,,,,,,,,,,,,,,,,
RADCURE-2945,,,,,,,,,,,,,,,,,,,,,,,
RADCURE-2928,,,,,,,,,,,,,,,,,,,,,,,
RADCURE-3023,,,,,,,,,,,,,,,,,,,,,,,
RADCURE-3177,,,,,,,,,,,,,,,,,,,,,,,
RADCURE-3099,,,,,,,,,,,,,,,,,,,,,,,
RADCURE-4097,,,,,,,,,,,,,,,,,,,,,,,
RADCURE-3006,,,,,,,,,,,,,,,,,,,,,,,
RADCURE-2980,,,,,,,,,,,,,,,,,,,,,,,
RADCURE-2934,,,,,,,,,,,,,,,,,,,,,,,
RADCURE-2936,,,,,,,,,,,,,,,,,,,,,,,
RADCURE-3079,,,,,,,,,,,,,,,,,,,,,,,
RADCURE-2947,,,,,,,,,,,,,,,,,,,,,,,
RADCURE-3183,,,,,,,,,,,,,,,,,,,,,,,
RADCURE-3254,,,,,,,,,,,,,,,,,,,,,,,
RADCURE-4052,,,,,,,,,,,,,,,,,,,,,,,
RADCURE-3116,,,,,,,,,,,,,,,,,,,,,,,
RADCURE-3138,,,,,,,,,,,,,,,,,,,,,,,
RADCURE-3060,,,,,,,,,,,,,,,,,,,,,,,
RADCURE-3186,,,,,,,,,,,,,,,,,,,,,,,
RADCURE-3120,,,,,,,,,,,,,,,,,,,,,,,
RADCURE-2990,,,,,,,,,,,,,,,,,,,,,,,
RADCURE-2985,,,,,,,,,,,,,,,,,,,,,,,
RADCURE-2907,,,,,,,,,,,,,,,,,,,,,,,
RADCURE-2968,,,,,,,,,,,,,,,,,,,,,,,
RADCURE-3230,,,,,,,,,,,,,,,,,,,,,,,
RADCURE-3167,,,,,,,,,,,,,,,,,,,,,,,
RADCURE-2925,,,,,,,,,,,,,,,,,,,,,,,
RADCURE-3136,,,,,,,,,,,,,,,,,,,,,,,
RADCURE-2997,,,,,,,,,,,,,,,,,,,,,,,
RADCURE-3262,,,,,,,,,,,,,,,,,,,,,,,
RADCURE-3261,,,,,,,,,,,,,,,,,,,,,,,
RADCURE-2986,,,,,,,,,,,,,,,,,,,,,,,
RADCURE-3083,,,,,,,,,,,,,,,,,,,,,,,
RADCURE-3039,,,,,,,,,,,,,,,,,,,,,,,
RADCURE-3207,,,,,,,,,,,,,,,,,,,,,,,
RADCURE-4027,,,,,,,,,,,,,,,,,,,,,,,
RADCURE-3247,,,,,,,,,,,,,,,,,,,,,,,
RADCURE-3042,,,,,,,,,,,,,,,,,,,,,,,
RADCURE-2946,,,,,,,,,,,,,,,,,,,,,,,
RADCURE-3024,,,,,,,,,,,,,,,,,,,,,,,
RADCURE-2923,,,,,,,,,,,,,,,,,,,,,,,
RADCURE-2994,,,,,,,,,,,,,,,,,,,,,,,
RADCURE-3205,,,,,,,,,,,,,,,,,,,,,,,
RADCURE-3256,,,,,,,,,,,,,,,,,,,,,,,
RADCURE-3046,,,,,,,,,,,,,,,,,,,,,,,
RADCURE-3154,,,,,,,,,,,,,,,,,,,,,,,
RADCURE-2991,,,,,,,,,,,,,,,,,,,,,,,
RADCURE-3211,,,,,,,,,,,,,,,,,,,,,,,
RADCURE-3157,,,,,,,,,,,,,,,,,,,,,,,
RADCURE-3237,,,,,,,,,,,,,,,,,,,,,,,
RADCURE-3050,,,,,,,,,,,,,,,,,,,,,,,
RADCURE-3290,,,,,,,,,,,,,,,,,,,,,,,
RADCURE-3040,,,,,,,,,,,,,,,,,,,,,,,
RADCURE-3109,,,,,,,,,,,,,,,,,,,,,,,
RADCURE-3007,,,,,,,,,,,,,,,,,,,,,,,
RADCURE-3196,,,,,,,,,,,,,,,,,,,,,,,
RADCURE-3187,,,,,,,,,,,,,,,,,,,,,,,
RADCURE-2939,,,,,,,,,,,,,,,,,,,,,,,
RADCURE-4121,,,,,,,,,,,,,,,,,,,,,,,
RADCURE-3123,,,,,,,,,,,,,,,,,,,,,,,
RADCURE-3031,,,,,,,,,,,,,,,,,,,,,,,
RADCURE-3268,,,,,,,,,,,,,,,,,,,,,,,
RADCURE-3015,,,,,,,,,,,,,,,,,,,,,,,
RADCURE-4047,,,,,,,,,,,,,,,,,,,,,,,
RADCURE-3061,,,,,,,,,,,,,,,,,,,,,,,
RADCURE-3126,,,,,,,,,,,,,,,,,,,,,,,
RADCURE-3114,,,,,,,,,,,,,,,,,,,,,,,
RADCURE-2954,,,,,,,,,,,,,,,,,,,,,,,
RADCURE-3055,,,,,,,,,,,,,,,,,,,,,,,
RADCURE-3115,,,,,,,,,,,,,,,,,,,,,,,
RADCURE-3038,,,,,,,,,,,,,,,,,,,,,,,
RADCURE-2976,,,,,,,,,,,,,,,,,,,,,,,
RADCURE-3168,,,,,,,,,,,,,,,,,,,,,,,
RADCURE-3244,,,,,,,,,,,,,,,,,,,,,,,
RADCURE-3071,,,,,,,,,,,,,,,,,,,,,,,
RADCURE-2992,,,,,,,,,,,,,,,,,,,,,,,
RADCURE-3027,,,,,,,,,,,,,,,,,,,,,,,
RADCURE-3198,,,,,,,,,,,,,,,,,,,,,,,
RADCURE-2981,,,,,,,,,,,,,,,,,,,,,,,
RADCURE-3072,,,,,,,,,,,,,,,,,,,,,,,
RADCURE-4053,,,,,,,,,,,,,,,,,,,,,,,
RADCURE-3073,,,,,,,,,,,,,,,,,,,,,,,
RADCURE-4091,,,,,,,,,,,,,,,,,,,,,,,
RADCURE-2953,,,,,,,,,,,,,,,,,,,,,,,
RADCURE-2903,,,,,,,,,,,,,,,,,,,,,,,
RADCURE-3173,,,,,,,,,,,,,,,,,,,,,,,
RADCURE-3005,,,,,,,,,,,,,,,,,,,,,,,
RADCURE-2919,,,,,,,,,,,,,,,,,,,,,,,
RADCURE-2921,,,,,,,,,,,,,,,,,,,,,,,
RADCURE-3241,,,,,,,,,,,,,,,,,,,,,,,
RADCURE-3081,,,,,,,,,,,,,,,,,,,,,,,
RADCURE-3149,,,,,,,,,,,,,,,,,,,,,,,
RADCURE-3226,,,,,,,,,,,,,,,,,,,,,,,
RADCURE-3075,,,,,,,,,,,,,,,,,,,,,,,
RADCURE-3082,,,,,,,,,,,,,,,,,,,,,,,
RADCURE-3190,,,,,,,,,,,,,,,,,,,,,,,
RADCURE-2943,,,,,,,,,,,,,,,,,,,,,,,
RADCURE-3065,,,,,,,,,,,,,,,,,,,,,,,
RADCURE-3100,,,,,,,,,,,,,,,,,,,,,,,
RADCURE-3058,,,,,,,,,,,,,,,,,,,,,,,
RADCURE-2960,,,,,,,,,,,,,,,,,,,,,,,
RADCURE-3156,,,,,,,,,,,,,,,,,,,,,,,
RADCURE-3049,,,,,,,,,,,,,,,,,,,,,,,
RADCURE-2972,,,,,,,,,,,,,,,,,,,,,,,
RADCURE-3086,,,,,,,,,,,,,,,,,,,,,,,
RADCURE-3025,,,,,,,,,,,,,,,,,,,,,,,
RADCURE-3135,,,,,,,,,,,,,,,,,,,,,,,
RADCURE-2917,,,,,,,,,,,,,,,,,,,,,,,
RADCURE-3044,,,,,,,,,,,,,,,,,,,,,,,
RADCURE-4079,,,,,,,,,,,,,,,,,,,,,,,
RADCURE-4034,,,,,,,,,,,,,,,,,,,,,,,
RADCURE-3003,,,,,,,,,,,,,,,,,,,,,,,
RADCURE-3194,,,,,,,,,,,,,,,,,,,,,,,
RADCURE-3259,,,,,,,,,,,,,,,,,,,,,,,
RADCURE-3202,,,,,,,,,,,,,,,,,,,,,,,
RADCURE-3255,,,,,,,,,,,,,,,,,,,,,,,
RADCURE-2971,,,,,,,,,,,,,,,,,,,,,,,
RADCURE-3197,,,,,,,,,,,,,,,,,,,,,,,
RADCURE-2952,,,,,,,,,,,,,,,,,,,,,,,
RADCURE-3263,,,,,,,,,,,,,,,,,,,,,,,
RADCURE-2924,,,,,,,,,,,,,,,,,,,,,,,
RADCURE-3180,,,,,,,,,,,,,,,,,,,,,,,
RADCURE-3043,,,,,,,,,,,,,,,,,,,,,,,
RADCURE-3119,,,,,,,,,,,,,,,,,,,,,,,
RADCURE-2916,,,,,,,,,,,,,,,,,,,,,,,
RADCURE-3213,,,,,,,,,,,,,,,,,,,,,,,
RADCURE-3203,,,,,,,,,,,,,,,,,,,,,,,
RADCURE-3219,,,,,,,,,,,,,,,,,,,,,,,
RADCURE-3169,,,,,,,,,,,,,,,,,,,,,,,
RADCURE-3121,,,,,,,,,,,,,,,,,,,,,,,
RADCURE-3095,,,,,,,,,,,,,,,,,,,,,,,
RADCURE-3264,,,,,,,,,,,,,,,,,,,,,,,
RADCURE-3067,,,,,,,,,,,,,,,,,,,,,,,
RADCURE-3124,,,,,,,,,,,,,,,,,,,,,,,
RADCURE-3163,,,,,,,,,,,,,,,,,,,,,,,
RADCURE-2922,,,,,,,,,,,,,,,,,,,,,,,
RADCURE-3010,,,,,,,,,,,,,,,,,,,,,,,
RADCURE-3166,,,,,,,,,,,,,,,,,,,,,,,
RADCURE-3107,,,,,,,,,,,,,,,,,,,,,,,
RADCURE-3026,,,,,,,,,,,,,,,,,,,,,,,
RADCURE-3209,,,,,,,,,,,,,,,,,,,,,,,
RADCURE-3029,,,,,,,,,,,,,,,,,,,,,,,
RADCURE-2979,,,,,,,,,,,,,,,,,,,,,,,
RADCURE-2987,,,,,,,,,,,,,,,,,,,,,,,
RADCURE-3113,,,,,,,,,,,,,,,,,,,,,,,
RADCURE-3134,,,,,,,,,,,,,,,,,,,,,,,
RADCURE-3034,,,,,,,,,,,,,,,,,,,,,,,
RADCURE-3214,,,,,,,,,,,,,,,,,,,,,,,
RADCURE-2933,,,,,,,,,,,,,,,,,,,,,,,
RADCURE-3234,,,,,,,,,,,,,,,,,,,,,,,
RADCURE-4088,,,,,,,,,,,,,,,,,,,,,,,
RADCURE-3240,,,,,,,,,,,,,,,,,,,,,,,
RADCURE-2911,,,,,,,,,,,,,,,,,,,,,,,
RADCURE-4065,,,,,,,,,,,,,,,,,,,,,,,
RADCURE-3222,,,,,,,,,,,,,,,,,,,,,,,
RADCURE-2963,,,,,,,,,,,,,,,,,,,,,,,
RADCURE-3195,,,,,,,,,,,,,,,,,,,,,,,
RADCURE-2950,,,,,,,,,,,,,,,,,,,,,,,
RADCURE-3128,,,,,,,,,,,,,,,,,,,,,,,
RADCURE-3164,,,,,,,,,,,,,,,,,,,,,,,
RADCURE-3242,,,,,,,,,,,,,,,,,,,,,,,
RADCURE-3108,,,,,,,,,,,,,,,,,,,,,,,
RADCURE-3159,,,,,,,,,,,,,,,,,,,,,,,
RADCURE-4082,,,,,,,,,,,,,,,,,,,,,,,
RADCURE-3129,,,,,,,,,,,,,,,,,,,,,,,
RADCURE-2931,,,,,,,,,,,,,,,,,,,,,,,
RADCURE-3018,,,,,,,,,,,,,,,,,,,,,,,
RADCURE-3068,,,,,,,,,,,,,,,,,,,,,,,
RADCURE-4030,,,,,,,,,,,,,,,,,,,,,,,
RADCURE-3142,,,,,,,,,,,,,,,,,,,,,,,
