ID,Age,Sex,ECOG,SMOKE1,SMOKE2,T,N,AJCC,HPV,Modality,Chemo ,Death,RT2Follow,LF,RT2LF,RF,RT2RF,DF,RT2DF,RTStart,KVP,ExposureTime,XRayTubeCurrent,SliceThickness,PixelSpacing
RADCURE-3014,,,,,,,,,,,,,,,,,,,,,,,,,
RADCURE-3140,,,,,,,,,,,,,,,,,,,,,,,,,
RADCURE-2906,,,,,,,,,,,,,,,,,,,,,,,,,
RADCURE-2956,,,,,,,,,,,,,,,,,,,,,,,,,
RADCURE-3053,,,,,,,,,,,,,,,,,,,,,,,,,
RADCURE-4089,,,,,,,,,,,,,,,,,,,,,,,,,
RADCURE-2930,,,,,,,,,,,,,,,,,,,,,,,,,
RADCURE-3091,,,,,,,,,,,,,,,,,,,,,,,,,
RADCURE-2973,,,,,,,,,,,,,,,,,,,,,,,,,
RADCURE-3105,,,,,,,,,,,,,,,,,,,,,,,,,
RADCURE-3052,,,,,,,,,,,,,,,,,,,,,,,,,
RADCURE-2913,,,,,,,,,,,,,,,,,,,,,,,,,
RADCURE-3153,,,,,,,,,,,,,,,,,,,,,,,,,
RADCURE-2998,,,,,,,,,,,,,,,,,,,,,,,,,
RADCURE-3019,,,,,,,,,,,,,,,,,,,,,,,,,
RADCURE-2974,,,,,,,,,,,,,,,,,,,,,,,,,
RADCURE-3104,,,,,,,,,,,,,,,,,,,,,,,,,
RADCURE-3144,,,,,,,,,,,,,,,,,,,,,,,,,
RADCURE-3201,,,,,,,,,,,,,,,,,,,,,,,,,
RADCURE-3098,,,,,,,,,,,,,,,,,,,,,,,,,
RADCURE-3054,,,,,,,,,,,,,,,,,,,,,,,,,
RADCURE-3206,,,,,,,,,,,,,,,,,,,,,,,,,
RADCURE-2942,,,,,,,,,,,,,,,,,,,,,,,,,
RADCURE-3217,,,,,,,,,,,,,,,,,,,,,,,,,
RADCURE-3004,,,,,,,,,,,,,,,,,,,,,,,,,
RADCURE-2951,,,,,,,,,,,,,,,,,,,,,,,,,
RADCURE-3117,,,,,,,,,,,,,,,,,,,,,,,,,
RADCURE-3199,,,,,,,,,,,,,,,,,,,,,,,,,
RADCURE-3238,,,,,,,,,,,,,,,,,,,,,,,,,
RADCURE-2988,,,,,,,,,,,,,,,,,,,,,,,,,
RADCURE-4051,,,,,,,,,,,,,,,,,,,,,,,,,
RADCURE-3036,,,,,,,,,,,,,,,,,,,,,,,,,
RADCURE-3139,,,,,,,,,,,,,,,,,,,,,,,,,
RADCURE-3146,,,,,,,,,,,,,,,,,,,,,,,,,
RADCURE-3016,,,,,,,,,,,,,,,,,,,,,,,,,
RADCURE-3047,,,,,,,,,,,,,,,,,,,,,,,,,
RADCURE-3178,,,,,,,,,,,,,,,,,,,,,,,,,
RADCURE-3258,,,,,,,,,,,,,,,,,,,,,,,,,
RADCURE-3145,,,,,,,,,,,,,,,,,,,,,,,,,
RADCURE-2935,,,,,,,,,,,,,,,,,,,,,,,,,
RADCURE-3137,,,,,,,,,,,,,,,,,,,,,,,,,
RADCURE-3155,,,,,,,,,,,,,,,,,,,,,,,,,
RADCURE-2964,,,,,,,,,,,,,,,,,,,,,,,,,
RADCURE-4086,,,,,,,,,,,,,,,,,,,,,,,,,
RADCURE-2904,,,,,,,,,,,,,,,,,,,,,,,,,
RADCURE-3245,,,,,,,,,,,,,,,,,,,,,,,,,
RADCURE-3028,,,,,,,,,,,,,,,,,,,,,,,,,
RADCURE-3084,,,,,,,,,,,,,,,,,,,,,,,,,
RADCURE-2996,,,,,,,,,,,,,,,,,,,,,,,,,
RADCURE-2941,,,,,,,,,,,,,,,,,,,,,,,,,
RADCURE-3092,,,,,,,,,,,,,,,,,,,,,,,,,
RADCURE-2927,,,,,,,,,,,,,,,,,,,,,,,,,
RADCURE-3260,,,,,,,,,,,,,,,,,,,,,,,,,
RADCURE-4062,,,,,,,,,,,,,,,,,,,,,,,,,
RADCURE-3161,,,,,,,,,,,,,,,,,,,,,,,,,
RADCURE-3127,,,,,,,,,,,,,,,,,,,,,,,,,
RADCURE-3181,,,,,,,,,,,,,,,,,,,,,,,,,
RADCURE-3151,,,,,,,,,,,,,,,,,,,,,,,,,
RADCURE-3000,,,,,,,,,,,,,,,,,,,,,,,,,
RADCURE-3122,,,,,,,,,,,,,,,,,,,,,,,,,
RADCURE-2999,,,,,,,,,,,,,,,,,,,,,,,,,
RADCURE-3233,,,,,,,,,,,,,,,,,,,,,,,,,
RADCURE-3048,,,,,,,,,,,,,,,,,,,,,,,,,
RADCURE-3191,,,,,,,,,,,,,,,,,,,,,,,,,
RADCURE-3160,,,,,,,,,,,,,,,,,,,,,,,,,
RADCURE-3090,,,,,,,,,,,,,,,,,,,,,,,,,
RADCURE-3193,,,,,,,,,,,,,,,,,,,,,,,,,
RADCURE-3220,,,,,,,,,,,,,,,,,,,,,,,,,
RADCURE-3189,,,,,,,,,,,,,,,,,,,,,,,,,
RADCURE-3208,,,,,,,,,,,,,,,,,,,,,,,,,
RADCURE-2938,,,,,,,,,,,,,,,,,,,,,,,,,
RADCURE-3080,,,,,,,,,,,,,,,,,,,,,,,,,
RADCURE-3170,,,,,,,,,,,,,,,,,,,,,,,,,
RADCURE-3174,,,,,,,,,,,,,,,,,,,,,,,,,
RADCURE-4043,,,,,,,,,,,,,,,,,,,,,,,,,
RADCURE-3210,,,,,,,,,,,,,,,,,,,,,,,,,
RADCURE-3087,,,,,,,,,,,,,,,,,,,,,,,,,
RADCURE-2977,,,,,,,,,,,,,,,,,,,,,,,,,
RADCURE-3070,,,,,,,,,,,,,,,,,,,,,,,,,
RADCURE-3101,,,,,,,,,,,,,,,,,,,,,,,,,
RADCURE-3078,,,,,,,,,,,,,,,,,,,,,,,,,
RADCURE-3063,,,,,,,,,,,,,,,,,,,,,,,,,
RADCURE-3022,,,,,,,,,,,,,,,,,,,,,,,,,
RADCURE-2914,,,,,,,,,,,,,,,,,,,,,,,,,
RADCURE-3017,,,,,,,,,,,,,,,,,,,,,,,,,
RADCURE-2912,,,,,,,,,,,,,,,,,,,,,,,,,
RADCURE-2959,,,,,,,,,,,,,,,,,,,,,,,,,
RADCURE-3150,,,,,,,,,,,,,,,,,,,,,,,,,
RADCURE-3251,,,,,,,,,,,,,,,,,,,,,,,,,
RADCURE-3231,,,,,,,,,,,,,,,,,,,,,,,,,
RADCURE-3110,,,,,,,,,,,,,,,,,,,,,,,,,
RADCURE-3008,,,,,,,,,,,,,,,,,,,,,,,,,
RADCURE-3192,,,,,,,,,,,,,,,,,,,,,,,,,
RADCURE-3184,,,,,,,,,,,,,,,,,,,,,,,,,
RADCURE-3089,,,,,,,,,,,,,,,,,,,,,,,,,
RADCURE-3011,,,,,,,,,,,,,,,,,,,,,,,,,
RADCURE-4046,,,,,,,,,,,,,,,,,,,,,,,,,
RADCURE-3215,,,,,,,,,,,,,,,,,,,,,,,,,
RADCURE-4127,,,,,,,,,,,,,,,,,,,,,,,,,
RADCURE-2958,,,,,,,,,,,,,,,,,,,,,,,,,
