ID,Age,Sex,ECOG,SMOKE1,SMOKE2,T,N,AJCC,HPV,Modality,Chemo ,Death,RT2Follow,LF,RT2LF,RF,RT2RF,DF,RT2DF,KVP,ExposureTime,XRayTubeCurrent,SliceThickness,PixelSpacing
RADCURE-0639,,,,,,,,,,,,,,,,,,,,,,,,
RADCURE-2234,,,,,,,,,,,,,,,,,,,,,,,,
RADCURE-3115,,,,,,,,,,,,,,,,,,,,,,,,
RADCURE-0596,,,,,,,,,,,,,,,,,,,,,,,,
RADCURE-1009,,,,,,,,,,,,,,,,,,,,,,,,
RADCURE-2569,,,,,,,,,,,,,,,,,,,,,,,,
RADCURE-2366,,,,,,,,,,,,,,,,,,,,,,,,
RADCURE-2498,,,,,,,,,,,,,,,,,,,,,,,,
RADCURE-3366,,,,,,,,,,,,,,,,,,,,,,,,
RADCURE-3897,,,,,,,,,,,,,,,,,,,,,,,,
RADCURE-2152,,,,,,,,,,,,,,,,,,,,,,,,
RADCURE-2772,,,,,,,,,,,,,,,,,,,,,,,,
RADCURE-3026,,,,,,,,,,,,,,,,,,,,,,,,
RADCURE-3199,,,,,,,,,,,,,,,,,,,,,,,,
RADCURE-3473,,,,,,,,,,,,,,,,,,,,,,,,
RADCURE-0823,,,,,,,,,,,,,,,,,,,,,,,,
RADCURE-1482,,,,,,,,,,,,,,,,,,,,,,,,
RADCURE-2959,,,,,,,,,,,,,,,,,,,,,,,,
RADCURE-2999,,,,,,,,,,,,,,,,,,,,,,,,
RADCURE-0851,,,,,,,,,,,,,,,,,,,,,,,,
RADCURE-2377,,,,,,,,,,,,,,,,,,,,,,,,
RADCURE-2468,,,,,,,,,,,,,,,,,,,,,,,,
RADCURE-3007,,,,,,,,,,,,,,,,,,,,,,,,
RADCURE-3229,,,,,,,,,,,,,,,,,,,,,,,,
RADCURE-1040,,,,,,,,,,,,,,,,,,,,,,,,
RADCURE-3291,,,,,,,,,,,,,,,,,,,,,,,,
RADCURE-0694,,,,,,,,,,,,,,,,,,,,,,,,
RADCURE-0698,,,,,,,,,,,,,,,,,,,,,,,,
RADCURE-1899,,,,,,,,,,,,,,,,,,,,,,,,
RADCURE-2556,,,,,,,,,,,,,,,,,,,,,,,,
RADCURE-3144,,,,,,,,,,,,,,,,,,,,,,,,
RADCURE-3178,,,,,,,,,,,,,,,,,,,,,,,,
RADCURE-3211,,,,,,,,,,,,,,,,,,,,,,,,
RADCURE-0330,,,,,,,,,,,,,,,,,,,,,,,,
RADCURE-0751,,,,,,,,,,,,,,,,,,,,,,,,
RADCURE-3316,,,,,,,,,,,,,,,,,,,,,,,,
RADCURE-0652,,,,,,,,,,,,,,,,,,,,,,,,
RADCURE-0878,,,,,,,,,,,,,,,,,,,,,,,,
RADCURE-1261,,,,,,,,,,,,,,,,,,,,,,,,
RADCURE-1424,,,,,,,,,,,,,,,,,,,,,,,,
RADCURE-2403,,,,,,,,,,,,,,,,,,,,,,,,
RADCURE-2801,,,,,,,,,,,,,,,,,,,,,,,,
RADCURE-2890,,,,,,,,,,,,,,,,,,,,,,,,
RADCURE-2923,,,,,,,,,,,,,,,,,,,,,,,,
RADCURE-3282,,,,,,,,,,,,,,,,,,,,,,,,
RADCURE-3381,,,,,,,,,,,,,,,,,,,,,,,,
RADCURE-3432,,,,,,,,,,,,,,,,,,,,,,,,
RADCURE-3543,,,,,,,,,,,,,,,,,,,,,,,,
RADCURE-2454,,,,,,,,,,,,,,,,,,,,,,,,
RADCURE-2633,,,,,,,,,,,,,,,,,,,,,,,,
RADCURE-2990,,,,,,,,,,,,,,,,,,,,,,,,
RADCURE-3210,,,,,,,,,,,,,,,,,,,,,,,,
RADCURE-0930,,,,,,,,,,,,,,,,,,,,,,,,
RADCURE-0900,,,,,,,,,,,,,,,,,,,,,,,,
RADCURE-0984,,,,,,,,,,,,,,,,,,,,,,,,
RADCURE-1534,,,,,,,,,,,,,,,,,,,,,,,,
RADCURE-2055,,,,,,,,,,,,,,,,,,,,,,,,
RADCURE-2354,,,,,,,,,,,,,,,,,,,,,,,,
RADCURE-2714,,,,,,,,,,,,,,,,,,,,,,,,
RADCURE-3004,,,,,,,,,,,,,,,,,,,,,,,,
RADCURE-1724,,,,,,,,,,,,,,,,,,,,,,,,
RADCURE-3182,,,,,,,,,,,,,,,,,,,,,,,,
RADCURE-0329,,,,,,,,,,,,,,,,,,,,,,,,
RADCURE-1862,,,,,,,,,,,,,,,,,,,,,,,,
RADCURE-1906,,,,,,,,,,,,,,,,,,,,,,,,
RADCURE-0914,,,,,,,,,,,,,,,,,,,,,,,,
RADCURE-0610,,,,,,,,,,,,,,,,,,,,,,,,
RADCURE-0431,,,,,,,,,,,,,,,,,,,,,,,,
RADCURE-0968,,,,,,,,,,,,,,,,,,,,,,,,
RADCURE-1285,,,,,,,,,,,,,,,,,,,,,,,,
RADCURE-1466,,,,,,,,,,,,,,,,,,,,,,,,
RADCURE-1594,,,,,,,,,,,,,,,,,,,,,,,,
RADCURE-1450,,,,,,,,,,,,,,,,,,,,,,,,
RADCURE-0435,,,,,,,,,,,,,,,,,,,,,,,,
RADCURE-1461,,,,,,,,,,,,,,,,,,,,,,,,
RADCURE-2003,,,,,,,,,,,,,,,,,,,,,,,,
RADCURE-1419,,,,,,,,,,,,,,,,,,,,,,,,
RADCURE-1394,,,,,,,,,,,,,,,,,,,,,,,,
RADCURE-0702,,,,,,,,,,,,,,,,,,,,,,,,
RADCURE-1941,,,,,,,,,,,,,,,,,,,,,,,,
RADCURE-0755,,,,,,,,,,,,,,,,,,,,,,,,
RADCURE-1427,,,,,,,,,,,,,,,,,,,,,,,,
RADCURE-1538,,,,,,,,,,,,,,,,,,,,,,,,
RADCURE-0817,,,,,,,,,,,,,,,,,,,,,,,,
RADCURE-1392,,,,,,,,,,,,,,,,,,,,,,,,
RADCURE-1781,,,,,,,,,,,,,,,,,,,,,,,,
RADCURE-0712,,,,,,,,,,,,,,,,,,,,,,,,
RADCURE-0892,,,,,,,,,,,,,,,,,,,,,,,,
RADCURE-0427,,,,,,,,,,,,,,,,,,,,,,,,
RADCURE-1397,,,,,,,,,,,,,,,,,,,,,,,,
RADCURE-1092,,,,,,,,,,,,,,,,,,,,,,,,
RADCURE-4074,,,,,,,,,,,,,,,,,,,,,,,,
RADCURE-0316,,,,,,,,,,,,,,,,,,,,,,,,
RADCURE-2089,,,,,,,,,,,,,,,,,,,,,,,,
RADCURE-2266,,,,,,,,,,,,,,,,,,,,,,,,
RADCURE-2637,,,,,,,,,,,,,,,,,,,,,,,,
RADCURE-2236,,,,,,,,,,,,,,,,,,,,,,,,
RADCURE-0458,,,,,,,,,,,,,,,,,,,,,,,,
RADCURE-1053,,,,,,,,,,,,,,,,,,,,,,,,
RADCURE-2281,,,,,,,,,,,,,,,,,,,,,,,,
