ID,Age,Sex,ECOG,SMOKE1,SMOKE2,T,N,AJCC,HPV,Modality,Chemo ,Death,RT2Follow,LF,RT2LF,RF,RT2RF,DF,RT2DF,KVP,ExposureTime,XRayTubeCurrent,SliceThickness
RADCURE-3022,,,,,,,,,,,,,,,,,,,,,,,
RADCURE-3481,,,,,,,,,,,,,,,,,,,,,,,
RADCURE-2174,,,,,,,,,,,,,,,,,,,,,,,
RADCURE-2827,,,,,,,,,,,,,,,,,,,,,,,
RADCURE-1504,,,,,,,,,,,,,,,,,,,,,,,
RADCURE-0953,,,,,,,,,,,,,,,,,,,,,,,
RADCURE-0853,,,,,,,,,,,,,,,,,,,,,,,
RADCURE-4038,,,,,,,,,,,,,,,,,,,,,,,
RADCURE-2208,,,,,,,,,,,,,,,,,,,,,,,
RADCURE-2769,,,,,,,,,,,,,,,,,,,,,,,
RADCURE-2378,,,,,,,,,,,,,,,,,,,,,,,
RADCURE-2629,,,,,,,,,,,,,,,,,,,,,,,
RADCURE-3511,,,,,,,,,,,,,,,,,,,,,,,
RADCURE-0563,,,,,,,,,,,,,,,,,,,,,,,
RADCURE-3393,,,,,,,,,,,,,,,,,,,,,,,
RADCURE-1757,,,,,,,,,,,,,,,,,,,,,,,
RADCURE-2951,,,,,,,,,,,,,,,,,,,,,,,
RADCURE-2179,,,,,,,,,,,,,,,,,,,,,,,
RADCURE-3684,,,,,,,,,,,,,,,,,,,,,,,
RADCURE-2836,,,,,,,,,,,,,,,,,,,,,,,
RADCURE-3895,,,,,,,,,,,,,,,,,,,,,,,
RADCURE-2390,,,,,,,,,,,,,,,,,,,,,,,
RADCURE-2958,,,,,,,,,,,,,,,,,,,,,,,
RADCURE-2968,,,,,,,,,,,,,,,,,,,,,,,
RADCURE-1719,,,,,,,,,,,,,,,,,,,,,,,
RADCURE-3435,,,,,,,,,,,,,,,,,,,,,,,
RADCURE-2613,,,,,,,,,,,,,,,,,,,,,,,
RADCURE-0633,,,,,,,,,,,,,,,,,,,,,,,
RADCURE-2365,,,,,,,,,,,,,,,,,,,,,,,
RADCURE-2008,,,,,,,,,,,,,,,,,,,,,,,
RADCURE-3918,,,,,,,,,,,,,,,,,,,,,,,
RADCURE-1735,,,,,,,,,,,,,,,,,,,,,,,
RADCURE-3219,,,,,,,,,,,,,,,,,,,,,,,
RADCURE-3310,,,,,,,,,,,,,,,,,,,,,,,
RADCURE-2697,,,,,,,,,,,,,,,,,,,,,,,
RADCURE-1563,,,,,,,,,,,,,,,,,,,,,,,
RADCURE-3801,,,,,,,,,,,,,,,,,,,,,,,
RADCURE-2319,,,,,,,,,,,,,,,,,,,,,,,
RADCURE-3803,,,,,,,,,,,,,,,,,,,,,,,
RADCURE-3915,,,,,,,,,,,,,,,,,,,,,,,
RADCURE-3016,,,,,,,,,,,,,,,,,,,,,,,
RADCURE-2232,,,,,,,,,,,,,,,,,,,,,,,
RADCURE-1488,,,,,,,,,,,,,,,,,,,,,,,
RADCURE-3726,,,,,,,,,,,,,,,,,,,,,,,
RADCURE-1697,,,,,,,,,,,,,,,,,,,,,,,
RADCURE-3017,,,,,,,,,,,,,,,,,,,,,,,
RADCURE-1643,,,,,,,,,,,,,,,,,,,,,,,
RADCURE-0730,,,,,,,,,,,,,,,,,,,,,,,
RADCURE-2041,,,,,,,,,,,,,,,,,,,,,,,
RADCURE-1969,,,,,,,,,,,,,,,,,,,,,,,
RADCURE-1920,,,,,,,,,,,,,,,,,,,,,,,
RADCURE-0934,,,,,,,,,,,,,,,,,,,,,,,
RADCURE-2219,,,,,,,,,,,,,,,,,,,,,,,
RADCURE-1851,,,,,,,,,,,,,,,,,,,,,,,
RADCURE-2110,,,,,,,,,,,,,,,,,,,,,,,
RADCURE-2283,,,,,,,,,,,,,,,,,,,,,,,
RADCURE-1826,,,,,,,,,,,,,,,,,,,,,,,
RADCURE-1956,,,,,,,,,,,,,,,,,,,,,,,
RADCURE-4122,,,,,,,,,,,,,,,,,,,,,,,
RADCURE-1571,,,,,,,,,,,,,,,,,,,,,,,
RADCURE-1617,,,,,,,,,,,,,,,,,,,,,,,
RADCURE-1783,,,,,,,,,,,,,,,,,,,,,,,
RADCURE-1499,,,,,,,,,,,,,,,,,,,,,,,
RADCURE-2328,,,,,,,,,,,,,,,,,,,,,,,
RADCURE-3334,,,,,,,,,,,,,,,,,,,,,,,
RADCURE-0451,,,,,,,,,,,,,,,,,,,,,,,
RADCURE-0311,,,,,,,,,,,,,,,,,,,,,,,
RADCURE-0335,,,,,,,,,,,,,,,,,,,,,,,
RADCURE-3137,,,,,,,,,,,,,,,,,,,,,,,
RADCURE-2837,,,,,,,,,,,,,,,,,,,,,,,
RADCURE-0342,,,,,,,,,,,,,,,,,,,,,,,
RADCURE-0720,,,,,,,,,,,,,,,,,,,,,,,
RADCURE-1620,,,,,,,,,,,,,,,,,,,,,,,
RADCURE-2722,,,,,,,,,,,,,,,,,,,,,,,
RADCURE-2111,,,,,,,,,,,,,,,,,,,,,,,
RADCURE-3487,,,,,,,,,,,,,,,,,,,,,,,
RADCURE-2345,,,,,,,,,,,,,,,,,,,,,,,
RADCURE-3319,,,,,,,,,,,,,,,,,,,,,,,
RADCURE-0911,,,,,,,,,,,,,,,,,,,,,,,
RADCURE-3914,,,,,,,,,,,,,,,,,,,,,,,
RADCURE-3145,,,,,,,,,,,,,,,,,,,,,,,
RADCURE-0691,,,,,,,,,,,,,,,,,,,,,,,
RADCURE-2222,,,,,,,,,,,,,,,,,,,,,,,
RADCURE-1849,,,,,,,,,,,,,,,,,,,,,,,
RADCURE-2583,,,,,,,,,,,,,,,,,,,,,,,
RADCURE-0594,,,,,,,,,,,,,,,,,,,,,,,
RADCURE-1667,,,,,,,,,,,,,,,,,,,,,,,
RADCURE-1640,,,,,,,,,,,,,,,,,,,,,,,
RADCURE-1841,,,,,,,,,,,,,,,,,,,,,,,
RADCURE-1604,,,,,,,,,,,,,,,,,,,,,,,
RADCURE-0732,,,,,,,,,,,,,,,,,,,,,,,
RADCURE-0832,,,,,,,,,,,,,,,,,,,,,,,
RADCURE-0608,,,,,,,,,,,,,,,,,,,,,,,
RADCURE-1838,,,,,,,,,,,,,,,,,,,,,,,
RADCURE-2310,,,,,,,,,,,,,,,,,,,,,,,
RADCURE-2296,,,,,,,,,,,,,,,,,,,,,,,
RADCURE-1619,,,,,,,,,,,,,,,,,,,,,,,
RADCURE-2367,,,,,,,,,,,,,,,,,,,,,,,
RADCURE-1600,,,,,,,,,,,,,,,,,,,,,,,
RADCURE-0526,,,,,,,,,,,,,,,,,,,,,,,
