ID,Age,Sex,ECOG,SMOKE1,SMOKE2,T,N,AJCC,HPV,Modality,Chemo ,Death,RT2Follow,LF,RT2LF,RF,RT2RF,DF,RT2DF,KVP,ExposureTime,XRayTubeCurrent,SliceThickness,PixelSpacing
RADCURE-3082,,,,,,,,,,,,,,,,,,,,,,,,
RADCURE-3186,,,,,,,,,,,,,,,,,,,,,,,,
RADCURE-3089,,,,,,,,,,,,,,,,,,,,,,,,
RADCURE-2923,,,,,,,,,,,,,,,,,,,,,,,,
RADCURE-3021,,,,,,,,,,,,,,,,,,,,,,,,
RADCURE-3123,,,,,,,,,,,,,,,,,,,,,,,,
RADCURE-2943,,,,,,,,,,,,,,,,,,,,,,,,
RADCURE-3211,,,,,,,,,,,,,,,,,,,,,,,,
RADCURE-2996,,,,,,,,,,,,,,,,,,,,,,,,
RADCURE-2921,,,,,,,,,,,,,,,,,,,,,,,,
RADCURE-3078,,,,,,,,,,,,,,,,,,,,,,,,
RADCURE-3054,,,,,,,,,,,,,,,,,,,,,,,,
RADCURE-2927,,,,,,,,,,,,,,,,,,,,,,,,
RADCURE-3016,,,,,,,,,,,,,,,,,,,,,,,,
RADCURE-3049,,,,,,,,,,,,,,,,,,,,,,,,
RADCURE-3122,,,,,,,,,,,,,,,,,,,,,,,,
RADCURE-4097,,,,,,,,,,,,,,,,,,,,,,,,
RADCURE-2919,,,,,,,,,,,,,,,,,,,,,,,,
RADCURE-4034,,,,,,,,,,,,,,,,,,,,,,,,
RADCURE-3260,,,,,,,,,,,,,,,,,,,,,,,,
RADCURE-3247,,,,,,,,,,,,,,,,,,,,,,,,
RADCURE-3071,,,,,,,,,,,,,,,,,,,,,,,,
RADCURE-2938,,,,,,,,,,,,,,,,,,,,,,,,
RADCURE-2935,,,,,,,,,,,,,,,,,,,,,,,,
RADCURE-3237,,,,,,,,,,,,,,,,,,,,,,,,
RADCURE-3110,,,,,,,,,,,,,,,,,,,,,,,,
RADCURE-3187,,,,,,,,,,,,,,,,,,,,,,,,
RADCURE-3169,,,,,,,,,,,,,,,,,,,,,,,,
RADCURE-3127,,,,,,,,,,,,,,,,,,,,,,,,
RADCURE-3048,,,,,,,,,,,,,,,,,,,,,,,,
RADCURE-2931,,,,,,,,,,,,,,,,,,,,,,,,
RADCURE-3006,,,,,,,,,,,,,,,,,,,,,,,,
RADCURE-2883,,,,,,,,,,,,,,,,,,,,,,,,
RADCURE-2898,,,,,,,,,,,,,,,,,,,,,,,,
RADCURE-2913,,,,,,,,,,,,,,,,,,,,,,,,
RADCURE-3005,,,,,,,,,,,,,,,,,,,,,,,,
RADCURE-2994,,,,,,,,,,,,,,,,,,,,,,,,
RADCURE-3134,,,,,,,,,,,,,,,,,,,,,,,,
RADCURE-2973,,,,,,,,,,,,,,,,,,,,,,,,
RADCURE-3205,,,,,,,,,,,,,,,,,,,,,,,,
RADCURE-3061,,,,,,,,,,,,,,,,,,,,,,,,
RADCURE-2912,,,,,,,,,,,,,,,,,,,,,,,,
RADCURE-2979,,,,,,,,,,,,,,,,,,,,,,,,
RADCURE-3105,,,,,,,,,,,,,,,,,,,,,,,,
RADCURE-2998,,,,,,,,,,,,,,,,,,,,,,,,
RADCURE-3201,,,,,,,,,,,,,,,,,,,,,,,,
RADCURE-3116,,,,,,,,,,,,,,,,,,,,,,,,
RADCURE-3264,,,,,,,,,,,,,,,,,,,,,,,,
RADCURE-3193,,,,,,,,,,,,,,,,,,,,,,,,
RADCURE-2922,,,,,,,,,,,,,,,,,,,,,,,,
RADCURE-2879,,,,,,,,,,,,,,,,,,,,,,,,
RADCURE-3073,,,,,,,,,,,,,,,,,,,,,,,,
RADCURE-3018,,,,,,,,,,,,,,,,,,,,,,,,
RADCURE-4088,,,,,,,,,,,,,,,,,,,,,,,,
RADCURE-3029,,,,,,,,,,,,,,,,,,,,,,,,
RADCURE-3087,,,,,,,,,,,,,,,,,,,,,,,,
RADCURE-2917,,,,,,,,,,,,,,,,,,,,,,,,
RADCURE-3038,,,,,,,,,,,,,,,,,,,,,,,,
RADCURE-2991,,,,,,,,,,,,,,,,,,,,,,,,
RADCURE-4051,,,,,,,,,,,,,,,,,,,,,,,,
RADCURE-3154,,,,,,,,,,,,,,,,,,,,,,,,
RADCURE-3124,,,,,,,,,,,,,,,,,,,,,,,,
RADCURE-3004,,,,,,,,,,,,,,,,,,,,,,,,
RADCURE-3234,,,,,,,,,,,,,,,,,,,,,,,,
RADCURE-3128,,,,,,,,,,,,,,,,,,,,,,,,
RADCURE-3189,,,,,,,,,,,,,,,,,,,,,,,,
RADCURE-4065,,,,,,,,,,,,,,,,,,,,,,,,
RADCURE-3126,,,,,,,,,,,,,,,,,,,,,,,,
RADCURE-3241,,,,,,,,,,,,,,,,,,,,,,,,
RADCURE-2906,,,,,,,,,,,,,,,,,,,,,,,,
RADCURE-4127,,,,,,,,,,,,,,,,,,,,,,,,
RADCURE-3036,,,,,,,,,,,,,,,,,,,,,,,,
RADCURE-2884,,,,,,,,,,,,,,,,,,,,,,,,
RADCURE-3151,,,,,,,,,,,,,,,,,,,,,,,,
RADCURE-2936,,,,,,,,,,,,,,,,,,,,,,,,
RADCURE-2924,,,,,,,,,,,,,,,,,,,,,,,,
RADCURE-3115,,,,,,,,,,,,,,,,,,,,,,,,
RADCURE-3081,,,,,,,,,,,,,,,,,,,,,,,,
RADCURE-2999,,,,,,,,,,,,,,,,,,,,,,,,
RADCURE-2862,,,,,,,,,,,,,,,,,,,,,,,,
RADCURE-2871,,,,,,,,,,,,,,,,,,,,,,,,
RADCURE-3195,,,,,,,,,,,,,,,,,,,,,,,,
RADCURE-2945,,,,,,,,,,,,,,,,,,,,,,,,
RADCURE-3194,,,,,,,,,,,,,,,,,,,,,,,,
RADCURE-2946,,,,,,,,,,,,,,,,,,,,,,,,
RADCURE-3114,,,,,,,,,,,,,,,,,,,,,,,,
RADCURE-3182,,,,,,,,,,,,,,,,,,,,,,,,
RADCURE-4053,,,,,,,,,,,,,,,,,,,,,,,,
RADCURE-4121,,,,,,,,,,,,,,,,,,,,,,,,
RADCURE-3099,,,,,,,,,,,,,,,,,,,,,,,,
RADCURE-3161,,,,,,,,,,,,,,,,,,,,,,,,
RADCURE-2981,,,,,,,,,,,,,,,,,,,,,,,,
RADCURE-2980,,,,,,,,,,,,,,,,,,,,,,,,
RADCURE-3256,,,,,,,,,,,,,,,,,,,,,,,,
RADCURE-3080,,,,,,,,,,,,,,,,,,,,,,,,
RADCURE-3222,,,,,,,,,,,,,,,,,,,,,,,,
RADCURE-3244,,,,,,,,,,,,,,,,,,,,,,,,
RADCURE-4062,,,,,,,,,,,,,,,,,,,,,,,,
RADCURE-2853,,,,,,,,,,,,,,,,,,,,,,,,
RADCURE-4046,,,,,,,,,,,,,,,,,,,,,,,,
